square_id,total_internet_traffic
5161,12740060.0
5059,11170854.0
5259,10485780.0
5061,9584334.0
5258,8707440.0
5159,8703873.0
6064,8675343.0
4855,8491044.0
4856,8230212.0
5262,8163357.0
5857,8145514.0
6058,7939203.0
4956,7857683.0
4459,7750012.0
5256,7632094.0
5162,7451156.5
4857,7239224.5
4755,7209967.0
5567,7110181.0
5758,7050784.0
6169,7029757.5
5263,6940202.5
5163,6922888.0
4961,6892405.5
5957,6885431.0
4955,6881968.0
6065,6708543.5
5261,6537499.5
5255,6508169.5
6165,6384390.5
5156,6353382.0
6260,6336046.0
4457,6320777.5
5965,6187575.0
4761,6148952.5
4754,6101785.0
4654,6069286.0
5361,6033530.0
5967,5985376.5
4959,5940149.5
5959,5919667.0
4854,5840634.0
4957,5838197.5
5158,5783072.5
5854,5716917.5
5954,5701441.5
4655,5686285.5
4456,5679993.0
6067,5649657.0
5467,5626396.5
4861,5602532.5
6164,5599228.0
5964,5503390.5
5955,5455829.0
4762,5405702.0
4653,5395329.0
5359,5389762.5
4462,5377248.5
5367,5338228.0
5160,5322452.0
5458,5316080.0
6066,5315234.5
5856,5314696.5
4758,5304066.5
5155,5291926.0
5360,5285635.0
6068,5267147.5
4559,5264009.5
5963,5234036.0
6063,5229338.0
4958,5226173.0
4968,5205263.5
4756,5202675.5
4759,5192894.5
5068,5186525.0
4460,5142688.5
5056,5116064.0
5968,5113583.0
5062,5099398.5
5157,5073034.0
5461,5064295.5
5349,5049017.0
4954,5030347.5
5063,5000138.5
6059,4986294.0
4962,4983414.5
4760,4963349.0
5260,4957698.5
4948,4956749.5
6268,4944866.0
4757,4894188.0
5060,4885013.0
4648,4857463.5
4960,4808627.5
5958,4779052.0
5568,4776081.0
5358,4732396.0
6269,4731484.5
5154,4730222.5
5257,4701360.5
5858,4698705.5
5254,4671103.0
5765,4649988.5
4860,4635312.5
4656,4620702.5
4256,4613842.5
5252,4586897.0
6264,4581521.5
4556,4574671.5
5055,4571991.0
4660,4554488.0
5861,4526155.5
4554,4503130.5
5248,4496910.5
5966,4491045.5
4659,4490324.5
5148,4489638.5
6069,4486796.5
4853,4470890.0
5862,4469237.5
5658,4461190.0
5766,4417478.0
4858,4415739.5
5460,4412803.5
5855,4374571.5
4458,4372017.5
4555,4364235.0
6158,4350596.0
5956,4340693.0
5757,4318455.5
5147,4310280.0
5072,4282802.5
4548,4280533.0
5659,4274636.5
5566,4240015.0
5151,4235582.5
4953,4216706.5
4553,4209265.0
4257,4208612.0
5752,4205534.0
4560,4187363.5
4859,4159907.5
6674,4155987.0
5667,4140388.0
4558,4134730.5
4753,4134388.8
5867,4124376.2
5866,4097398.5
5368,4093187.5
4967,4069078.5
6371,4065616.5
6345,4058600.2
5047,4050838.8
4362,4050156.2
5268,4044971.0
5868,4043504.8
5267,4035400.2
6166,4013173.8
5269,4010898.0
5562,4004319.8
6460,3996118.2
5053,3986956.8
5962,3969587.0
5058,3948744.0
6265,3932943.5
4461,3925701.8
5859,3915989.8
5860,3915196.5
4359,3910082.5
6261,3888047.0
5348,3884167.5
5468,3879760.2
4561,3868923.0
5951,3839272.8
5251,3838202.0
5769,3836482.0
5753,3818608.0
5767,3815737.8
7164,3815218.8
4455,3802058.8
5073,3782989.8
6168,3774418.0
5754,3763342.2
5670,3757900.0
5960,3753241.8
4156,3751296.0
6050,3751122.0
4661,3750146.8
5559,3743418.8
5969,3711776.5
6374,3690301.5
4363,3686150.5
4652,3680260.5
4355,3680021.5
4557,3665256.8
6151,3659828.0
5770,3644868.5
5953,3640208.5
4155,3629728.5
5662,3625210.0
5772,3623618.5
6162,3620441.5
6051,3610395.2
4647,3586628.8
6375,3585407.5
5668,3558439.5
5853,3557738.2
6772,3556803.0
5152,3548216.0
5249,3547988.5
5952,3539049.8
5560,3537428.8
5069,3528091.2
5270,3523567.2
5048,3512336.5
6372,3497686.2
4972,3497240.8
5168,3494472.5
5146,3490087.5
5170,3486354.8
5164,3484078.8
4849,3483842.8
5759,3479552.0
4356,3474745.2
4255,3470412.5
4862,3456944.2
4662,3450585.5
4658,3436854.8
5561,3424822.0
4547,3423080.5
5669,3417567.8
5761,3413316.8
6368,3409764.8
4364,3395532.2
4160,3393918.8
5872,3392750.0
5453,3389308.8
4651,3381474.2
5661,3375426.8
4969,3354337.5
4949,3343201.2
6149,3340672.2
6274,3333721.5
5169,3330268.5
4750,3327228.8
5462,3325332.5
5449,3320952.2
5057,3317316.2
4650,3316566.8
5970,3305879.5
6070,3302975.8
6167,3291045.0
6148,3281139.0
5070,3275214.8
5046,3268267.5
5363,3258650.2
6360,3239896.5
5459,3236721.0
6060,3236607.0
4751,3232241.5
5773,3231995.2
6072,3227704.5
6352,3226954.0
5760,3226612.8
5869,3196131.2
6565,3187102.2
6370,3184888.8
4254,3180869.8
5452,3178970.2
6358,3178756.2
4963,3176379.5
4260,3170506.5
5064,3162848.0
5149,3162096.5
4545,3156131.2
4546,3151239.5
5264,3149654.8
6163,3136412.5
6560,3128509.0
4161,3128468.0
7163,3126996.8
4952,3116766.0
4358,3113746.0
5762,3108933.8
5172,3097058.8
4154,3089928.0
5352,3085632.5
5570,3081278.2
5450,3081038.8
4157,3076614.8
6675,3069513.2
5870,3058566.0
4549,3054884.5
5054,3053416.2
5971,3050210.5
4261,3032027.0
5646,3030284.0
4850,3028685.5
5247,3025977.0
5569,3023135.8
4752,3016758.0
5865,3015803.0
5370,3011240.8
4357,3010324.8
4874,3006274.5
5653,3006023.5
3757,2995982.8
6574,2988345.5
6251,2975135.5
3856,2973556.8
4354,2971356.5
6270,2971226.5
4068,2959737.0
5362,2959150.2
5768,2958625.5
5873,2950084.8
3857,2942321.2
5271,2938660.8
4446,2931153.8
6170,2927419.0
6267,2905298.5
6049,2892243.8
5660,2892097.2
5751,2891295.2
4851,2888835.2
6672,2877609.8
5351,2860466.0
5950,2856118.0
5744,2849783.2
4848,2842380.2
4657,2832872.8
5652,2828802.8
6073,2826934.8
4069,2825216.5
6671,2824185.0
6762,2822958.0
4847,2821775.0
6673,2819623.0
5171,2817114.0
6452,2816902.0
6369,2814097.2
3956,2814063.0
4168,2812597.5
5852,2807349.0
6364,2805829.5
5851,2798166.0
5745,2793662.8
6062,2792664.2
5052,2789492.8
5372,2787882.5
6159,2778217.0
5246,2774133.0
4747,2770221.5
6248,2766123.8
5150,2763368.5
6053,2751263.5
4964,2747155.5
4445,2742077.2
6351,2741327.0
4444,2724190.8
4550,2719909.2
4552,2719708.2
5071,2714823.8
4349,2712122.5
5353,2698337.2
4649,2686778.2
4852,2681277.5
6252,2680579.8
4749,2672260.8
5871,2665450.8
6249,2662711.0
4447,2660052.8
5354,2656863.2
5350,2643230.0
5153,2637257.2
4551,2633810.8
8169,2632087.8
4453,2630210.0
5369,2627535.0
6266,2619658.0
6461,2615160.8
4971,2610669.0
5961,2604401.5
6361,2587958.2
5756,2577317.2
3756,2571676.2
4454,2571493.8
6359,2571295.2
6262,2571293.0
4060,2569643.5
5771,2564471.0
5451,2558056.8
5546,2554250.8
4562,2553784.8
6057,2552589.0
5469,2548963.0
5671,2546607.2
7064,2543802.0
5647,2541965.2
5049,2541622.8
6445,2540741.5
4452,2538102.5
8762,2528553.2
6471,2528050.2
9368,2526799.2
5245,2523525.2
4973,2523042.2
4450,2519794.2
6451,2518404.5
5644,2518284.2
4544,2516422.2
6250,2507884.5
6150,2507083.5
6263,2498123.8
4846,2497401.0
6665,2496880.5
6157,2488895.5
3957,2486397.0
4059,2483056.5
4259,2481282.8
4463,2463196.5
4258,2458927.8
6773,2454175.5
4159,2454134.5
3962,2440861.0
3953,2439842.5
5656,2439170.0
6446,2436613.2
4748,2426738.2
8675,2424390.5
5547,2418954.5
5250,2417419.2
5755,2417061.2
6271,2414836.5
5253,2413961.5
5356,2386536.0
5544,2386219.8
5845,2383907.0
6771,2383515.0
6052,2382837.0
6547,2373976.2
5654,2373961.5
5643,2371568.2
6557,2369160.2
3955,2364787.2
4053,2352989.2
4746,2346282.8
6459,2341559.2
8371,2334839.2
6872,2334367.0
4169,2331063.5
5067,2329901.5
6662,2320335.2
5850,2320184.2
7066,2318364.8
6873,2317216.0
6647,2316404.8
5571,2315974.0
4158,2315709.8
8271,2303901.8
5371,2303023.2
5145,2293043.2
5844,2292615.0
4360,2289157.0
3954,2288110.2
5750,2287898.8
6350,2287678.8
6447,2278536.2
5344,2276850.5
5545,2275240.2
4449,2273045.2
5347,2269534.0
5143,2267824.0
5470,2267231.5
5655,2254974.0
6474,2253344.5
3869,2253192.0
6458,2247027.8
6871,2240878.2
6457,2240861.5
5445,2236176.2
5553,2210774.2
6664,2210127.5
6763,2209768.5
8862,2209235.8
7271,2205970.0
5244,2197730.2
6346,2194331.8
5345,2191986.8
5173,2188130.0
5457,2187811.5
8874,2187765.0
6347,2187487.0
8775,2187138.8
5743,2180434.5
6853,2180049.2
8370,2178040.8
6247,2173496.5
6246,2172890.2
8272,2172552.5
3858,2171768.0
3969,2169362.8
4645,2169127.5
6469,2168150.0
5645,2167551.0
4264,2162805.2
6061,2160654.2
6453,2158980.2
5863,2157956.0
5272,2156158.5
6071,2155143.8
3963,2154561.5
5949,2149982.5
8575,2148445.2
4366,2147999.5
8774,2141145.0
5554,2139322.8
4153,2138684.8
4054,2135268.0
6448,2134619.2
6753,2131468.2
6561,2129593.5
5651,2124927.0
6275,2120542.2
5558,2119359.8
6171,2116217.8
7166,2114471.5
4056,2113930.5
4951,2113814.0
4055,2111889.5
5552,2109875.2
5448,2109077.5
7052,2103922.8
6161,2100060.5
4950,2097638.0
4350,2095180.2
6874,2095105.5
5273,2093760.0
6259,2093700.8
6160,2093412.9
4965,2093016.2
6764,2091210.8
7372,2089391.0
6851,2088284.6
3959,2084720.6
6774,2077083.9
6177,2075188.0
6468,2069479.9
4646,2063351.1
6546,2055110.4
6663,2049398.0
9268,2049375.0
5746,2044614.4
3758,2043434.0
6152,2041810.2
8676,2041401.0
4863,2041168.6
8471,2039618.2
6657,2038135.6
4926,2035693.1
4947,2035310.8
3855,2033820.6
4845,2026870.9
8576,2026364.9
5563,2025662.6
4991,2025613.0
6277,2024540.0
3658,2022753.4
4442,2022409.6
6564,2022259.9
7371,2019015.0
6056,2017391.9
5346,2015794.1
6951,2015438.8
6470,2014428.0
7063,2010576.5
6757,2006347.6
4062,2000511.8
5555,1996458.0
5551,1990465.4
6276,1990305.2
6258,1988124.0
3960,1988046.1
6054,1984458.8
4058,1983575.5
8372,1978547.0
5557,1973042.9
4745,1969695.5
4826,1968346.6
4263,1967193.9
5556,1966133.5
4057,1965980.2
4344,1959711.6
6568,1957770.6
6156,1957538.4
3863,1956266.1
3558,1946270.6
5466,1944417.2
3862,1943868.2
6353,1942633.6
5446,1942499.4
6450,1939865.8
5672,1936197.2
6272,1935784.2
6747,1931514.2
5454,1930035.0
4063,1929364.8
3854,1923143.6
6245,1921548.6
6348,1918389.0
5051,1917025.9
6475,1912231.4
6569,1909906.0
7165,1903596.9
8472,1902927.6
8475,1902665.2
6571,1892138.4
4970,1890762.0
6570,1888602.8
7472,1887716.8
5463,1887409.2
6858,1884696.1
4946,1882000.1
7568,1880326.4
7065,1877902.2
6558,1877323.1
7471,1867057.2
6952,1861772.4
4865,1861615.8
6176,1860893.0
6376,1858706.6
6972,1857797.9
8476,1857233.1
5657,1854659.6
4451,1853540.6
6875,1853348.1
4061,1848617.6
5355,1847953.6
6758,1845648.4
8662,1842758.6
4927,1841288.4
3659,1838432.5
7668,1836144.4
4345,1828431.8
4248,1825742.8
6077,1825202.4
5444,1824027.0
6857,1823713.8
8574,1821640.6
8474,1821616.1
3958,1817133.8
5972,1816613.4
4443,1810800.8
9369,1809587.5
5447,1806907.1
4249,1805180.4
5666,1801011.2
1251,1798129.2
3656,1794842.9
7524,1793038.1
6658,1792737.8
6462,1786070.0
6752,1783429.0
5946,1777764.1
4464,1771619.2
3764,1771605.6
6362,1769536.0
4348,1764214.0
4361,1763252.8
5548,1762914.5
6575,1762234.2
6646,1758500.4
6852,1755723.6
4343,1754124.1
6566,1752706.2
7272,1752153.2
6278,1752014.6
6562,1750767.4
8857,1750386.4
6976,1747618.0
6349,1747600.1
9367,1747239.0
5027,1744396.8
8572,1743188.2
6178,1741535.9
7255,1738976.2
5945,1734870.5
5471,1734445.6
8473,1730558.0
7569,1719404.1
4448,1718510.1
6548,1718456.2
6464,1714266.6
3848,1713207.0
6667,1712886.5
7768,1712326.5
6670,1703043.8
5050,1699192.0
6367,1697018.0
4346,1696228.5
4644,1696163.4
6850,1694100.9
7062,1689363.5
6573,1677767.1
6472,1674836.0
5065,1669639.4
4247,1669624.6
8573,1668650.6
3864,1663191.9
9269,1659606.1
5144,1657925.6
4342,1657051.8
7468,1655608.2
7061,1654246.6
6363,1652503.6
7669,1649599.4
6870,1648452.2
6253,1647046.6
6971,1646819.6
6756,1645553.9
8674,1642979.0
3852,1639339.6
7989,1639011.2
4353,1634015.5
6578,1631574.9
8090,1630159.6
6175,1629444.9
6550,1628896.5
6849,1628204.9
5366,1622287.1
4149,1617943.4
6958,1616342.8
3755,1614511.4
6449,1612826.6
3871,1603594.8
3872,1602494.0
6365,1601716.9
3853,1599875.5
6048,1599766.5
6473,1597947.8
147,1597286.2
3868,1592192.5
6567,1589536.4
5455,1588289.9
5572,1588197.2
7767,1586799.5
7155,1581394.2
4250,1581190.5
6751,1581035.8
7868,1577073.8
8875,1572004.9
3847,1570726.9
9977,1568504.5
7990,1567039.1
6775,1564983.8
4351,1564007.9
4347,1563645.2
7056,1562678.5
6950,1558172.1
4147,1557887.0
6153,1555354.9
5456,1553539.5
7769,1552466.4
9468,1552459.4
6975,1551950.8
6770,1551215.2
6377,1551177.1
8672,1547298.0
6257,1546964.2
6953,1546644.1
4945,1544946.9
7067,1542623.6
7454,1542329.8
9978,1542177.8
9884,1541911.9
2245,1541621.4
7869,1539335.6
7264,1538147.6
3851,1537560.2
6668,1537297.6
4148,1537079.5
4163,1535999.5
6055,1533772.6
6956,1530379.8
6552,1529438.6
6973,1529018.8
6146,1526885.9
5543,1524119.9
8054,1523469.0
9267,1522208.6
5947,1517687.1
6970,1516773.6
3968,1515813.4
7072,1515080.4
6969,1510739.6
9467,1508844.5
5266,1508233.0
5089,1505222.0
7654,1504163.5
5846,1503485.5
6759,1503400.6
4643,1502741.9
5026,1502191.5
4246,1500371.1
5948,1499925.6
6078,1499516.8
3748,1496697.2
6863,1495500.9
3952,1492988.0
4352,1492390.1
6047,1487861.2
6476,1487504.9
4543,1484595.9
5650,1484513.5
9370,1484433.4
4150,1483023.2
6279,1482641.5
9885,1480626.1
3751,1480139.0
4245,1479946.5
7670,1479566.9
4128,1477912.9
5764,1475718.5
2145,1474639.0
4367,1473458.6
3846,1472769.5
8834,1471430.1
4251,1470469.4
6856,1469237.1
8374,1468057.5
5550,1464346.1
7969,1463864.1
4253,1460337.2
4162,1457946.9
6961,1457677.2
9976,1457003.4
6074,1456842.4
6551,1453540.1
3850,1451260.6
5864,1446701.0
7254,1445225.0
4943,1442580.0
4890,1441812.4
6045,1441682.4
7770,1440789.6
8571,1440060.4
7240,1438247.4
3633,1437437.1
8756,1436358.2
6761,1436263.8
7263,1435195.9
6862,1434596.0
3634,1434226.4
6373,1433593.0
6145,1425641.9
7856,1423499.5
3859,1419948.5
4252,1417513.8
9877,1415231.1
7567,1414511.0
5472,1413092.0
6864,1410301.1
6174,1410271.0
3964,1409921.4
7059,1409745.8
4877,1408190.1
4262,1408169.0
3750,1406484.4
3970,1405113.6
7523,1404820.8
1250,1404636.2
6645,1402985.8
6463,1402806.6
6652,1401420.2
3436,1401158.6
3949,1400819.2
7469,1398331.1
4064,1397365.0
4152,1394831.9
6144,1393636.1
7755,1392943.8
4765,1390582.8
7554,1390157.0
6876,1388815.0
8677,1386927.8
7570,1386427.6
4777,1383339.8
8154,1382456.4
6977,1380156.2
5549,1379706.8
8373,1379379.8
7370,1379188.4
8671,1378834.5
6147,1378169.9
6273,1375785.0
8053,1375433.1
1151,1374929.4
8089,1370343.5
6545,1370084.1
8190,1369253.2
6754,1369092.1
6656,1367539.6
3849,1366455.9
6750,1365788.8
3650,1363317.1
3763,1362714.1
3536,1362170.4
3559,1360952.6
3860,1360817.9
6572,1360660.8
6968,1359310.8
3965,1359280.2
8957,1359026.1
6046,1358720.0
6659,1356377.8
6456,1355263.1
5665,1354698.9
7470,1354654.9
8734,1351567.9
8771,1351477.5
3437,1350400.4
6563,1348755.1
3961,1347502.1
7952,1347463.5
7051,1345520.8
6559,1344927.5
6553,1344174.4
4049,1342444.8
6549,1340401.1
3432,1339782.6
3749,1332253.8
7077,1330604.2
8772,1328524.4
4642,1327614.9
3948,1326661.2
7667,1326058.9
8855,1324845.2
3533,1323971.9
7173,1322623.0
6746,1322424.6
5243,1322001.1
6963,1320106.6
9985,1320050.5
7071,1320015.8
6653,1318910.6
5977,1318209.2
7756,1316033.2
9484,1309913.4
3655,1309647.9
7058,1309359.0
3759,1308542.0
8562,1308107.6
7870,1304219.6
6962,1304162.4
7571,1303275.9
4052,1299993.6
3947,1299926.8
8470,1295691.9
4869,1295242.0
4146,1294689.9
9878,1291511.1
8171,1291223.1
7467,1289685.8
4151,1289075.9
8577,1286294.2
7985,1286274.5
4341,1284904.1
3754,1284788.5
7443,1283780.5
8273,1283023.1
7855,1282798.9
8276,1282032.0
6666,1280604.6
7490,1276975.9
7491,1276975.9
9059,1273814.9
3537,1273799.1
5378,1269682.1
3967,1266945.4
3760,1262544.1
8670,1261394.0
4048,1260056.2
8084,1259372.5
4870,1258665.2
8277,1257111.0
3635,1256755.8
6869,1255288.5
8172,1253761.8
7591,1253066.8
4050,1252903.4
48,1252877.1
7076,1251415.8
5978,1251113.5
5877,1249660.4
4542,1249519.5
3651,1248725.0
8091,1248356.9
4244,1247514.5
7754,1246493.6
6576,1245694.9
9159,1243767.5
7069,1243441.2
3950,1240819.2
4989,1240552.0
3534,1239908.4
4145,1238642.6
7655,1237035.1
5375,1235740.0
3532,1235242.4
8191,1234163.9
8376,1234105.4
7590,1233210.2
4844,1232336.2
7073,1231882.5
8189,1231158.9
7656,1230374.1
3771,1230258.8
7466,1226555.4
7053,1226545.6
6959,1222189.4
4144,1222004.2
8175,1218445.5
5364,1218179.6
9469,1217570.5
4365,1216473.8
7652,1215941.8
8072,1215789.5
7369,1213922.1
8377,1213867.0
3971,1213417.6
3972,1211751.1
5565,1210603.4
5357,1210358.8
7657,1209959.4
6957,1209691.9
7953,1207623.0
7354,1205947.2
6579,1205204.8
7885,1204669.1
8974,1204215.1
3535,1201196.8
5090,1199561.0
8073,1198584.6
6967,1198508.6
3736,1197008.9
3636,1196889.5
7060,1195657.1
4326,1195525.9
8071,1195194.2
8176,1195110.9
5847,1191974.9
8173,1191520.4
3735,1191255.2
3772,1190347.0
4778,1189186.8
7055,1188278.4
4325,1186895.0
7651,1186875.4
6075,1186393.9
9483,1185703.2
7167,1183760.6
5763,1183020.0
9583,1182103.4
6669,1180778.1
7068,1180670.1
5045,1179832.0
3752,1179611.6
6745,1177088.5
9569,1176749.1
6854,1176234.8
5174,1174534.5
4867,1170122.9
7647,1169157.5
7270,1168634.5
6396,1168249.8
4864,1167716.6
6496,1167621.2
4944,1167454.2
6366,1164659.0
3861,1163401.1
8270,1162925.0
9986,1161434.8
6760,1160078.0
7555,1157182.1
6397,1157036.1
8477,1156823.4
6955,1156503.5
8275,1155467.8
6577,1154195.5
7653,1154031.4
4679,1154028.8
8975,1154006.0
8856,1153941.8
7390,1153685.1
5343,1153495.5
5564,1150495.8
8375,1150090.2
5878,1149870.4
8959,1148816.6
7489,1148550.5
3673,1147965.6
1051,1146964.8
7973,1145628.5
9074,1143575.4
6895,1142983.2
6795,1142983.2
8378,1142030.5
4990,1141897.5
9270,1141893.6
7986,1141891.8
3966,1139366.4
8085,1137016.5
5277,1136661.1
5142,1135291.1
7671,1134647.5
3649,1134433.9
5774,1133423.2
7343,1133045.4
4942,1131363.0
8673,1131220.0
8274,1131041.9
6861,1129275.4
3870,1129227.1
4744,1128566.6
4977,1126998.5
3674,1126267.4
5442,1126220.4
5376,1122715.8
8278,1122178.1
6966,1121747.1
9784,1121697.2
6868,1120787.2
4843,1118014.8
4743,1116630.9
6949,1116585.4
7566,1114515.5
5843,1114461.2
7442,1112558.8
6894,1111589.8
7991,1111103.5
6954,1110246.1
3773,1110091.0
3453,1108565.9
9075,1108199.0
7553,1108091.8
8174,1107784.6
9987,1107479.1
3775,1107352.4
7889,1105199.5
9984,1104718.8
3865,1104424.5
8773,1103126.9
6155,1103045.4
8757,1102014.0
8055,1101562.5
8269,1100579.9
6556,1100505.1
4228,1099491.0
5041,1098351.0
951,1097205.8
5973,1096687.2
6978,1096450.1
7078,1095815.0
5274,1095183.6
7156,1093709.9
8076,1092705.5
4227,1092615.0
6378,1091135.8
5975,1090069.0
8661,1086020.5
7543,1085971.8
7176,1084596.6
9568,1084356.9
3747,1083326.0
1052,1081899.8
7159,1081201.0
4226,1079350.0
4669,1079111.2
4866,1077999.4
7339,1076301.1
8873,1074980.5
6650,1074464.4
7492,1073966.0
3563,1070063.1
5747,1069669.9
6859,1068777.9
6768,1067635.1
7854,1066955.5
8858,1064212.2
8835,1063038.8
9168,1061910.2
8389,1061756.0
6867,1061108.1
5475,1061024.1
3774,1060874.9
7340,1059580.8
6794,1056189.6
7724,1055561.4
7988,1054856.5
4164,1053607.1
3875,1052151.5
3118,1051902.6
6679,1051313.8
7046,1050510.0
8290,1049951.0
6855,1048908.5
3433,1047381.6
3753,1046974.2
6076,1044837.0
7852,1044630.4
7241,1044570.25
6769,1044503.56
8011,1043973.6
8478,1041982.3
6444,1041777.56
5876,1039277.75
6960,1039207.5
1152,1038993.7
7646,1038944.3
6395,1038680.7
6945,1038171.0
3553,1037987.8
9174,1037816.8
5165,1037540.25
9158,1037076.25
7172,1037062.94
8291,1036965.4
9150,1036117.25
8289,1036079.25
4827,1034009.0
3336,1032459.7
7284,1031948.6
3353,1031438.56
7045,1030600.25
7970,1030205.7
4868,1027119.6
6860,1025395.44
8656,1024714.0
9167,1024573.4
8052,1023583.0
6495,1023411.06
3654,1023048.75
8186,1021714.94
5342,1021061.9
3946,1020796.75
9251,1020661.7
6497,1020408.8
7592,1020118.94
7444,1019521.06
8976,1019050.8
3653,1018258.3
7954,1017883.0
4871,1016669.7
3845,1016254.2
9058,1016062.6
5141,1015354.25
9250,1015190.0
7154,1014646.1
8390,1014047.0
4479,1013695.1
3564,1013592.5
9060,1012749.0
3657,1011236.25
3874,1011067.9
4664,1010867.44
5464,1010867.3
8872,1010723.8
4267,1009833.3
7725,1009323.9
3652,1009309.06
2246,1008644.75
8852,1008616.1
1247,1008318.3
9151,1006060.7
247,1002532.3
8388,1002400.25
7644,1001962.4
5091,1001543.75
3765,1000239.9
8088,1000007.6
7972,999816.9
7050,999569.9
3218,997584.0
8958,997210.56
7075,995263.1
3660,994969.3
8490,994764.75
9175,994728.9
8391,994642.75
6845,994499.6
5974,994192.75
952,992458.2
5241,990634.06
3733,990414.25
6651,989032.9
8491,988294.9
6354,988221.2
3761,987605.44
7085,987148.9
9887,986828.6
8489,986562.3
3435,985465.0
3876,985396.25
4465,983991.56
5040,983579.5
4379,983283.7
9584,980138.9
7057,979470.56
4127,979468.5
4266,979378.3
4763,978107.5
7239,976908.5
9194,976624.2
3334,976507.9
3434,976507.9
8952,976059.1
9057,975935.4
4940,975803.0
851,975096.3
9477,974567.56
9195,973977.44
4029,973041.0
4229,972168.94
6676,971459.7
4468,970756.06
5976,970532.44
7344,969837.8
8570,968770.9
9295,968622.75
7342,968280.06
6848,968223.2
6846,967136.56
4027,966637.94
5874,966210.44
6877,966147.56
9466,966106.4
8619,965150.8
4889,964741.25
4742,963901.25
4779,963787.0
2146,960852.1
8153,959782.4
3253,958935.56
7391,958159.2
6866,954330.56
3385,953703.6
3285,953696.75
6765,953338.6
7162,952234.1
6974,951551.0
3951,951338.44
7955,950228.25
6044,948323.4
6173,946844.25
5043,945696.7
3867,944890.4
7081,944093.75
5373,942543.3
8770,941266.25
1147,941199.56
6847,941089.06
8185,940441.3
8919,940314.0
3734,940308.94
4268,938868.94
3337,938630.1
3554,938469.2
3335,937392.0
8621,937105.1
8819,937105.1
8720,937105.1
8719,937105.1
6878,937087.8
8519,937022.06
8721,936922.4
7544,936406.3
8188,933996.6
3036,933871.4
7757,932082.0
8960,929856.4
7853,929788.44
6695,929740.25
4478,929543.44
3648,928756.56
9073,928680.9
8920,927153.9
4243,926318.5
8012,926286.5
3663,925639.56
8578,923851.5
8761,923807.2
3664,923560.4
6355,922803.1
4941,922608.25
4047,922281.94
8851,922154.0
3929,921916.8
4767,921217.75
6465,920577.7
5379,920313.0
5265,918538.0
9562,917348.3
9561,917348.3
9560,917348.3
9460,917348.3
9661,917153.94
6964,916315.4
9461,916080.9
4842,915697.06
7070,915440.7
8820,915351.0
6946,914533.9
8080,913514.1
3386,913432.1
6749,913176.75
9979,911065.44
3672,909789.0
9662,909419.5
2046,909260.9
6256,909054.7
9173,908719.5
3762,908441.6
5875,908395.5
7771,908370.44
9396,908131.6
7366,908123.25
4129,908123.1
7593,908048.6
3873,907780.1
8751,907377.75
8973,906582.4
7886,906464.4
7453,906084.8
6172,905595.44
7572,905215.56
5039,904122.7
2266,903841.9
8086,902573.6
8620,901583.4
8663,901393.8
3454,901378.1
8752,901242.8
7624,900408.0
7158,900242.7
9294,900217.25
6244,898557.25
6357,898472.75
8288,897655.94
7157,897251.2
8758,897091.9
7691,896894.56
3776,896336.75
9366,896320.2
9172,896220.0
9395,895794.5
347,893693.2
5167,893239.7
4028,893045.0
1948,892762.3
3675,892251.2
5441,891656.25
6467,891551.1
7086,891409.94
5341,890973.3
5042,890758.56
1848,890686.44
5275,890588.1
7623,889415.7
8636,889260.25
4878,889236.1
9476,888969.3
8180,888784.0
8392,888736.56
9360,887536.4
4030,887507.56
6454,886246.06
6154,884898.06
7890,884364.94
8561,884233.25
7389,884106.0
6865,883834.44
9577,883626.25
8488,883014.7
3555,882049.2
3333,881960.25
7242,881332.6
8660,881250.75
1053,880734.1
6944,880706.4
5380,878707.44
9397,878018.5
8469,877996.25
5381,877198.75
9157,877126.0
9361,876748.0
4051,875450.0
5480,874643.8
8659,874530.9
7243,873629.2
7041,873490.5
6779,873425.06
9377,870572.56
6661,870570.3
5166,870234.6
6896,869114.25
2936,869065.06
7074,868385.6
3737,868117.8
4678,868017.6
7645,867491.9
3234,867321.2
3866,867165.2
7177,866804.6
3235,865687.6
5663,865111.2
4966,864489.4
4265,864368.3
8569,863076.8
7884,862988.75
5779,862370.56
2338,862176.5
9485,861769.5
7424,861423.06
8759,861323.1
3352,861007.94
3037,860067.0
5044,859722.44
8821,859489.0
9660,858440.6
4466,858426.1
5377,857599.44
9462,857582.56
8369,857072.1
9497,856356.9
3185,856333.6
9152,856077.4
3647,856022.8
4329,855882.56
3665,855829.4
9886,855787.44
6965,855278.1
7867,854401.25
8776,853890.4
6379,853715.3
47,852823.4
7525,852427.1
7891,851358.7
7791,851133.6
2339,850994.56
9271,850897.06
4766,850704.6
7175,850686.25
6660,849912.4
5242,849417.4
8074,849303.0
3284,849173.3
7552,849068.75
8559,848807.4
3551,848710.9
7892,848695.2
4380,848440.75
5664,848117.0
8652,847859.5
7792,847269.25
852,847163.0
9371,846885.7
4369,846823.2
3452,846759.2
7551,846550.4
6254,845562.9
9170,845354.9
7044,845208.9
4130,844722.3
7971,844211.56
7142,844203.75
7143,844144.94
7542,843714.5
8635,841848.4
8287,841299.7
7790,841070.1
8859,840901.0
5374,840232.2
7341,840130.8
4368,839796.25
9019,839516.3
6344,839494.0
7643,839142.5
7753,838533.94
2047,837878.0
9171,837733.94
6755,836871.8
9072,836420.25
1150,836077.94
1947,836068.8
7666,835925.9
7440,835895.25
8669,835862.2
8977,835706.0
3236,835608.0
8552,835381.25
7887,835080.9
5849,834858.6
8739,834819.44
1346,834576.94
2147,833245.75
7145,831909.8
3184,831623.6
7871,831582.06
9296,831354.4
8871,830321.44
9876,830073.8
8818,829952.9
2045,829266.2
3768,829082.9
8387,828878.06
3463,828875.3
7441,828359.44
4480,828125.0
3549,827643.94
6776,827061.5
9258,826693.25
4569,825752.06
8560,825437.06
8956,824396.9
9169,824313.6
7141,824013.1
8638,823826.94
3282,823777.2
3182,823777.2
6677,823773.4
3183,823758.2
6678,823559.25
6778,823559.25
6777,823559.25
3354,823270.5
3381,821979.06
8179,820116.4
7974,820055.8
9770,819953.06
7367,819461.44
3380,818891.56
3480,818849.5
3481,818844.8
3581,818553.7
5479,818098.0
7465,816504.1
7873,816465.44
7774,816465.44
5579,816430.4
7968,815494.56
9951,814594.0
9950,814570.0
9949,814524.6
9851,814427.3
3538,814232.44
3135,813504.4
8452,813248.94
7773,812830.3
7040,812601.56
7766,812270.06
3219,812056.25
7140,811973.8
4930,811872.0
7692,811431.94
9850,811421.1
5778,811311.7
7625,809870.8
3283,809672.94
1949,808188.56
3928,808109.6
4726,807936.75
3136,807846.9
5476,807435.6
9076,806590.06
9778,805650.8
7992,804668.25
8568,804070.44
7257,803748.8
2337,803440.4
5437,802800.44
8639,802233.56
8755,800602.3
4467,800361.3
7493,799876.1
3973,799862.7
6796,799524.3
9771,799329.4
7690,797838.06
6255,796809.0
8177,796524.8
9777,796105.44
4764,795527.44
4230,795386.9
3550,795086.4
7556,794914.0
3637,794168.56
3580,793736.6
2935,792020.9
3671,790112.56
7639,789167.7
5074,789077.0
5030,788515.25
8740,788456.9
8184,788142.06
7161,787855.75
7872,787310.9
7839,787066.25
7739,786919.7
2144,786908.6
9398,785488.44
4768,785081.25
7888,785064.3
5679,784536.7
8918,784386.1
7358,783228.3
3565,782848.3
7746,782712.2
9585,782062.94
8735,781970.25
9750,781969.3
9095,781770.44
7874,780982.3
4929,779984.3
7174,779948.9
7752,778853.1
3566,778740.8
4067,778470.6
8738,778117.2
7840,777117.1
7540,776758.5
3974,776216.4
7932,776123.5
5648,775868.75
8187,775846.25
7080,775833.1
1347,775741.44
7160,775730.0
8854,775644.94
9496,775032.6
4727,774696.25
9297,774576.75
3332,774289.5
8953,773843.06
4143,773716.56
2654,773335.94
7672,773279.3
6948,773209.56
3254,772931.8
7353,772578.5
2655,772551.2
7244,772260.44
8792,771945.5
7126,771838.44
7026,771838.44
2934,771762.75
7152,771493.6
3117,771468.44
7054,771382.5
4070,771222.56
7740,771037.6
8051,771001.75
8590,770954.06
7640,770612.06
7226,770510.75
9567,770470.3
7227,770244.6
3438,770062.2
7541,769642.9
9669,769515.1
6947,768983.3
9475,768780.2
9066,768602.9
7589,768303.9
7931,767868.5
8668,767763.2
3930,767553.8
3382,767014.25
9376,766989.94
9751,766652.9
8460,766462.1
7047,765743.7
8658,765443.9
8718,765354.56
7144,765151.2
3828,764148.06
8935,763853.7
3548,763578.25
8193,763552.25
7269,763455.25
8192,763344.6
8092,762968.44
4568,762843.44
7815,762657.1
9068,762593.2
9275,762458.56
7039,761836.2
8093,761443.2
8181,760252.1
6356,759910.25
8558,759788.5
9582,759729.4
5481,759673.44
9067,759602.06
8279,759431.3
7772,758787.5
7641,758332.8
8441,757958.8
7393,757904.3
5140,756876.9
7714,756752.06
953,756261.75
3927,755906.44
8972,755826.3
8459,755716.8
5775,755566.1
9252,755158.6
9470,755132.9
1655,754366.2
7171,754339.1
3769,754234.7
1755,754166.75
9879,754125.06
7127,753956.44
9948,753862.06
9888,753087.8
1756,753085.44
3467,752853.3
9559,752552.0
6885,752324.4
4378,752147.44
3975,752121.3
1847,751618.4
7139,751522.4
9196,751214.44
9785,750602.7
8442,750527.2
8342,750280.1
9474,750005.25
9789,749963.4
9280,748909.8
9070,747954.3
9149,747167.94
9071,746172.3
8242,745990.4
4928,745726.3
6297,745713.4
9551,745616.25
1856,745404.75
3877,745185.25
9180,745153.9
7439,745023.25
4280,743996.5
9769,743969.25
8070,743512.1
3668,743164.4
8520,743128.8
6694,742767.1
9552,741681.4
8971,741471.2
1246,740017.5
5578,739844.5
9052,739808.06
9451,739653.7
9651,739577.25
9768,739535.8
9652,739412.6
8243,739149.4
8280,738872.1
6879,738715.7
7138,738695.2
9452,738690.7
9094,738648.0
5673,738592.3
9352,738571.7
3729,738522.1
5580,738517.8
9351,738501.8
5478,738348.44
9668,738029.6
4828,738014.5
3552,737802.6
5280,737303.8
8379,737105.94
8075,736680.6
5879,736487.06
7355,736422.7
8380,736123.0
7043,735685.1
5066,735384.8
3482,735332.8
8876,734666.8
8892,731457.44
3632,731255.7
3767,731196.2
4044,730722.75
7326,730717.1
9257,730693.2
9870,730612.75
7956,730065.6
9459,729940.8
9677,729911.44
7327,729140.7
9281,729117.44
850,728939.0
8343,728562.9
7857,728325.7
9869,727318.2
9790,726663.0
8657,725887.44
5880,725742.75
3827,725634.44
3084,725307.8
3018,725007.44
7993,724467.94
9849,724034.8
3662,723970.44
7455,723162.44
8094,722799.44
9381,722732.3
7042,722635.0
8863,722166.94
3119,721253.94
7027,720820.5
4978,720237.3
8281,720085.5
7545,720003.8
2247,719608.56
8886,719300.4
8640,719162.8
8853,718186.5
2345,717923.25
8557,717907.25
8487,717611.6
8951,717581.75
4279,717453.75
8194,717030.25
8292,716351.5
1855,716109.56
8885,715991.3
4269,715316.7
1656,715287.75
8083,715272.3
9653,714582.6
5749,714567.7
8152,713062.3
9256,713012.0
1849,712708.06
7425,712066.4
5278,711558.4
3451,710699.75
6648,710645.25
3137,710346.06
8079,710266.4
3035,710256.75
5748,710139.7
7539,710036.25
7565,710033.0
9380,709128.3
3384,709008.7
7987,708509.3
6654,708471.06
4072,707865.25
1654,707397.2
7984,707222.5
7253,707170.75
7258,706989.9
9181,706969.75
7747,706720.1
7814,706363.44
3085,706301.3
6595,706067.44
7273,705851.8
7146,705368.0
8553,705240.9
1946,705065.25
8112,704882.1
2554,704359.1
3034,704297.6
9273,704057.9
9156,703197.75
3217,702957.2
9080,702372.06
4880,702189.06
4566,702028.44
9482,701836.4
9690,701758.5
3083,701304.75
6478,700721.44
3134,700669.9
3829,700562.25
751,700211.25
5240,699648.0
2348,698860.06
3945,698715.2
8877,698578.2
3286,698171.0
4829,696970.25
9096,696532.8
3418,695821.0
3318,695821.0
9097,695155.4
246,694912.4
2438,694621.56
9155,694472.25
4073,693960.94
9272,693919.8
9160,693629.8
8836,692744.2
3579,692396.25
6980,691876.25
3319,691243.1
7674,690965.7
3777,690620.94
6748,690457.2
9274,690238.4
8997,690057.6
9298,689973.3
7180,689711.8
9166,689692.56
4769,689270.5
9359,688645.44
9197,686862.44
4841,686859.7
8651,686407.0
8151,686316.0
4133,685156.9
9081,684947.75
5780,684636.5
7673,684221.6
3728,683560.9
2586,683435.3
8244,683391.1
8252,683281.56
853,682778.8
3835,682342.1
7786,681998.06
3680,681718.06
2437,681392.3
2933,681216.94
9266,681208.94
8891,680431.9
3331,680028.8
9952,679925.94
9357,679795.06
8453,679647.75
2485,679554.3
9752,679445.94
6767,679365.0
2585,679098.06
9761,678897.75
6477,678715.1
6981,678377.44
8618,677940.7
8144,677926.06
5279,677885.0
8143,677857.4
7392,677757.94
2631,677329.0
9659,677051.3
6398,677020.1
3483,676454.25
2632,676401.8
9889,676064.1
7460,675524.2
8381,675501.25
4666,675441.0
8791,675362.4
2486,675328.3
7787,675314.3
3780,674679.3
3679,674679.3
3778,674679.3
3779,674679.3
3678,674679.3
8492,674486.8
9082,674282.75
7951,674097.0
2248,673931.0
4564,673724.5
3383,673507.94
9358,673304.4
9558,673304.4
9458,673304.4
9457,673289.3
9557,673275.25
2555,673142.2
8589,672988.56
4425,672404.7
8032,672318.94
7813,672269.8
8031,672163.8
4879,672118.9
5848,671856.4
8111,671223.7
4979,670653.6
4281,670519.44
1757,669664.9
9890,668507.44
8556,667861.2
9776,667316.3
9852,667202.9
9056,666566.1
3379,666518.7
3479,666503.1
8458,666360.44
3082,665958.1
4728,665829.44
3727,665519.5
9182,665469.4
7980,665465.7
2732,665459.44
9980,665076.6
7933,665038.56
8414,664908.6
7723,664869.94
9596,664521.9
9595,664521.9
9695,664521.9
9696,664398.0
3944,664294.44
8283,663757.1
8611,663506.56
7557,663425.1
8410,663423.56
8510,663404.4
8178,663138.6
3572,662997.9
8282,662978.56
8521,662617.06
7259,662579.2
7025,662304.8
9576,661506.44
6455,661290.75
4032,661267.9
9553,661187.56
9786,660496.3
9658,660456.5
7384,660244.9
8966,660108.9
8996,659932.06
8383,659582.0
8655,658958.94
7638,658838.5
9670,658794.44
4579,658791.4
8183,658537.9
9650,658327.9
8622,657554.8
6994,657310.56
3255,657142.75
2731,657088.5
8970,656966.0
7368,656954.9
8113,656942.8
8081,656804.7
2439,656697.9
9486,656649.06
4377,656475.9
4277,656386.1
9657,656154.4
8010,656118.7
8155,655804.56
4033,655574.9
8511,655431.0
954,655268.94
3626,654907.7
8468,654797.0
4988,654420.3
3625,654351.4
3878,654196.0
7325,654191.56
6298,653511.94
9386,653449.4
6979,653446.56
7079,653446.56
3431,652992.06
8563,652759.2
8352,652436.3
8050,652372.0
9762,652301.2
9947,652029.9
8033,651449.3
2538,651371.9
3486,650662.7
3233,650590.3
3879,650443.1
8991,650325.5
3844,650172.1
4741,650163.9
6780,649980.94
9682,649924.6
9848,649814.3
9276,649634.5
2733,649413.5
9300,649407.75
5776,649258.44
8182,648462.4
4165,648197.6
2347,648164.3
7642,647760.75
6880,647372.7
8145,647294.6
8082,646384.75
3458,645679.75
6649,645572.94
3880,645182.3
5465,644927.0
4278,644770.3
8253,644739.5
2239,644531.3
7713,644182.7
6995,644069.2
9970,644031.2
3638,643863.25
9498,643413.4
9481,642475.6
1857,642432.4
4065,642182.5
6479,642031.6
9875,641411.25
3726,641038.94
8785,640914.44
7785,640675.5
2835,640501.44
8419,640148.3
8514,640083.7
2537,639621.25
7426,639565.8
2539,639263.6
6766,639176.3
3220,639055.5
1754,638532.06
4031,636868.56
3677,636662.94
7125,636404.94
7847,635449.0
7267,634802.8
1652,634802.75
7265,634705.75
2833,634507.3
7268,634394.94
750,634273.5
8786,634043.56
3484,633961.6
2244,633665.4
8142,633408.75
6596,633385.06
7976,632935.56
8087,632935.06
3781,632772.7
955,632686.1
3732,632087.6
7841,631554.06
2089,631493.94
2190,631493.94
9375,631411.0
8030,631366.3
8170,631057.4
9597,631001.4
4873,630899.3
5649,630077.0
7225,629932.9
7893,629811.2
8044,629724.06
2290,629678.94
2584,628646.6
9871,628518.7
3485,627992.7
4830,627384.6
4038,627315.56
9656,627245.1
8341,627142.8
7784,627016.56
5674,626685.1
4370,626210.4
8753,625380.94
3676,625270.2
7168,624873.1
3237,624390.75
2189,624371.1
1552,624165.8
866,624053.9
2984,623639.56
8955,623141.1
865,622418.7
4939,622078.3
8353,621922.56
4328,621599.06
8967,621502.7
4469,621397.56
950,621236.0
4131,620589.2
2587,620292.06
7741,619967.3
8515,619899.8
9255,619749.7
3455,619622.25
2834,619091.94
2391,619062.25
7866,618715.06
3320,618505.2
8986,618467.3
3321,618062.7
5180,617822.25
9946,617315.6
9760,617170.2
3231,617100.7
4667,616838.06
3464,616608.56
1653,616385.2
3836,615869.7
8591,615817.5
9861,615784.94
9961,615784.94
9860,615784.94
9859,615784.94
9759,615784.94
9858,615784.94
9758,615779.6
9960,615664.1
3367,615534.56
8653,615275.06
2291,615252.9
7266,615231.06
9550,615164.94
9190,614897.9
8689,614555.0
7665,614518.8
8555,613905.25
6143,613810.9
7324,613674.75
9450,613417.25
4046,612811.9
4045,612811.9
2985,612785.8
4891,612064.2
148,611662.3
8777,611651.6
2090,611615.0
9385,611492.1
5777,611059.1
3230,610827.25
9756,610665.25
2237,610388.94
9857,610333.1
4071,609703.75
3881,609259.9
6296,608780.1
8789,608637.06
9372,608372.9
7675,608340.94
8954,608268.56
2653,608194.0
2882,608083.44
2981,608083.44
2982,608083.44
2983,608083.44
7153,607812.56
9350,607507.9
8443,607172.7
9091,607109.8
3681,605126.56
7169,605017.56
5031,604990.5
8314,604800.06
8245,604129.4
8985,603975.44
4881,603808.2
9456,603224.25
8457,602536.2
4882,602491.6
4883,602491.6
4276,602072.94
3120,602010.3
9495,601488.56
9969,601304.06
1260,601275.5
8440,600890.75
3833,600799.75
9749,600674.4
8870,600426.1
9959,600235.25
9570,599721.3
7365,599397.4
8685,599191.2
8793,598909.06
9478,598602.44
7722,598351.94
8654,598109.5
9678,597969.56
1055,597369.7
5573,596891.9
752,596784.1
8897,596660.4
5944,596398.2
2937,596299.94
7765,595502.0
3666,595338.06
2884,595192.8
9090,594423.75
9757,594379.3
5737,594334.94
766,594277.06
7445,594087.8
3766,594087.2
2385,593944.44
3427,593725.6
4074,593546.8
7561,592860.44
9054,592728.7
3556,592677.7
8790,592307.4
2685,592164.9
8311,591940.94
7789,591900.8
9356,591887.44
7738,591574.94
8541,591371.8
2883,591062.25
9847,590922.2
8992,590913.5
9962,590836.75
8637,590689.7
3368,590688.94
7882,590576.6
9362,590519.06
9581,590385.06
9299,590156.56
7983,590050.94
2238,589987.94
7883,589877.3
7982,589877.3
8212,589787.0
2755,589637.3
3932,589436.4
8612,589346.75
3326,589336.75
8513,589251.2
8211,589221.25
5575,588780.1
9365,588485.7
3281,588137.25
9154,587998.56
8293,587996.0
4565,587932.3
8754,587533.7
2786,587499.3
3153,587335.0
3628,587269.9
9472,586537.5
2686,586527.8
2886,586415.6
2887,586328.75
9573,585780.3
5576,585284.6
1555,584296.2
3661,584241.7
2986,584026.7
8315,583952.8
8978,583905.2
7940,583895.75
5526,583884.1
7783,583870.44
8251,583856.2
3547,583800.0
7775,583710.7
3330,583611.94
956,583367.5
2785,583191.06
5127,582939.6
8420,582380.8
9556,582353.1
6318,582312.94
4628,582102.5
7364,582085.5
9018,582005.25
9775,581548.2
2885,581348.94
2787,581348.25
4629,581299.06
8512,580925.6
4132,580655.94
1684,580568.5
9697,580508.94
4980,580447.4
3081,580017.2
9189,580016.4
8043,579968.2
2832,579719.06
4770,579563.1
9055,579322.75
9574,579058.2
4381,579015.8
3232,578922.44
8509,578623.06
8409,578623.06
7782,578586.56
2734,578582.25
3725,578372.56
8540,578321.8
8382,577753.56
5625,577641.2
9853,577488.56
9755,577488.56
9854,577488.56
9955,577488.56
9954,577488.56
9953,577488.56
8692,577423.44
7626,577333.7
9855,577330.5
9990,577094.1
5676,576791.3
8990,576448.44
5677,576187.1
9399,575919.75
9089,575843.4
4884,575792.5
7084,575604.4
4470,575568.7
2638,575161.75
4668,574930.25
5626,574503.06
8890,574099.44
4376,574001.25
8690,573924.56
7950,573742.3
9856,573606.44
7306,573530.8
9689,573521.3
8415,573484.25
5126,572978.3
8610,572967.75
2687,572554.56
8613,572281.1
3770,572167.4
2987,571776.8
9471,571642.25
8554,571599.9
7461,571370.4
7835,571136.44
8310,571013.6
8898,570981.2
8585,570980.94
8411,570899.0
9671,570827.0
6394,570740.3
8760,570144.56
8133,570136.5
7935,570086.94
7546,570066.0
9200,569808.25
8900,569785.7
8899,569785.7
3466,569533.6
4477,569490.2
5181,569328.2
3931,569234.3
3022,569221.06
3627,568940.06
4782,568838.5
8035,568775.6
4776,568365.8
5175,568197.4
7934,568169.56
7622,567850.56
7238,567639.9
8023,567490.25
3121,567192.1
8799,567127.25
7936,566855.6
9279,566777.8
4578,566768.94
8036,566366.94
5365,566214.4
8034,566020.2
8869,565742.4
1054,565264.1
8995,565146.25
3021,564989.75
2888,564898.1
3256,564640.0
8998,564546.44
8887,564360.25
7473,564014.06
9186,563788.94
9198,563783.0
2639,563776.0
2754,563199.25
8539,562905.56
7744,562771.7
8049,562361.94
8351,562096.1
3730,561500.8
7981,561499.3
9795,561374.1
2057,561139.4
3181,560292.94
4441,560084.44
2366,559706.8
3834,559059.25
7846,558838.2
6179,558819.9
9748,558789.7
8936,558630.44
9290,558289.7
6494,558249.2
6594,558109.25
6393,558104.3
6493,558104.3
3357,557944.4
6593,557755.9
9753,557753.4
9086,557018.94
8678,556820.75
5226,556689.2
3669,556495.7
7170,556453.25
5281,556450.4
3639,556399.6
9387,556106.25
5675,555911.2
9945,555542.9
5637,555331.7
8195,555196.9
7373,554483.75
8502,554361.6
8893,553998.6
3221,553945.2
9259,553757.7
146,553446.4
2656,553278.6
9754,553171.0
5678,553028.94
2386,552424.1
6218,551914.44
3933,551777.94
1584,551699.0
7662,551565.3
9598,551289.2
9698,551227.56
8769,551022.94
7838,550726.8
3154,550571.8
9473,550503.4
9989,550386.6
8884,549984.9
9463,549204.8
7560,548801.75
1553,548406.44
3355,547960.25
9788,547787.0
9975,547489.5
3017,547456.1
7256,547387.6
3426,547367.6
5574,547251.7
3670,546987.3
3832,546698.7
9051,546264.7
9277,545903.56
8344,545382.5
9382,544802.25
9846,544564.7
6293,544460.5
9098,544346.4
8994,543932.2
8894,543932.2
9199,543286.2
9747,543161.6
2340,543148.9
7661,543036.4
7488,542989.5
8686,542917.3
8794,542894.25
4330,542500.7
6554,542484.3
8132,541709.75
3528,541670.8
1753,541173.75
5577,540669.7
8989,540431.4
9000,540320.3
7743,539448.75
7939,539073.06
5443,538512.4
7742,538421.06
8439,538358.06
4641,538138.1
6317,538106.3
8895,537907.1
2637,537820.44
9487,537280.6
3570,536926.7
1752,536762.1
2738,536688.8
8934,536589.25
8542,536564.3
7494,536403.75
2784,536372.94
3629,536300.1
9400,536080.56
7394,535869.3
8161,535414.25
4563,535279.1
8416,535259.6
6043,534897.56
7842,534733.9
8588,534590.2
8722,534553.3
9699,534514.3
9958,534477.0
3830,533993.25
4665,533935.6
2737,533741.8
5080,533093.1
4729,532852.3
8933,532841.9
4682,532825.7
8069,532038.06
8839,531986.4
1452,531916.0
2048,531623.94
8999,531480.44
7224,531197.0
7865,531173.1
5541,530881.06
8134,530734.06
8614,530720.25
1351,530532.1
3573,530449.5
7745,530292.6
9691,530195.25
2788,529913.06
2684,529656.4
9746,529363.5
1254,529273.6
9956,529250.75
7922,528874.06
7836,528813.75
3831,528422.56
8840,528284.94
8538,528278.9
8888,528094.9
9453,528049.56
8896,527558.3
4840,527331.9
7588,527149.06
7689,527035.44
3356,526848.06
2191,526750.75
346,526703.75
7788,526326.44
3529,526321.1
5943,526291.6
8921,526071.9
767,526012.4
8417,525773.0
2782,525536.9
3470,525400.56
8795,525387.1
8261,525264.5
8833,525223.75
8537,525133.75
8602,524939.9
2889,524659.0
9100,524642.25
7228,524604.25
6586,524590.94
7385,524527.44
4567,524324.1
8932,524188.44
5130,524160.16
854,524011.2
9099,523286.28
9249,523067.03
5078,523064.34
7688,522930.6
9282,522738.4
3571,522649.47
8516,522352.25
8337,522318.88
3020,522304.2
4225,522211.5
8162,522128.47
2630,521887.3
8437,521538.03
3667,521283.5
6585,521080.1
4781,521006.4
1056,520967.56
7693,520883.0
8438,520758.75
6686,520495.2
5979,520430.06
8889,520327.1
8968,520267.75
9085,520259.88
8045,519584.75
8551,518946.78
8338,518799.84
9783,518750.62
7966,518671.47
9119,518520.4
9179,517812.88
7587,517783.53
8340,517586.62
2440,517063.44
3562,516768.56
3569,516188.62
5225,516073.78
7687,515506.4
8339,515368.56
8461,514721.56
9676,514602.38
6926,514465.84
4876,514436.03
849,514426.2
7843,514314.16
8486,514307.62
5128,514012.75
4663,513985.16
8518,513919.6
7250,513789.06
8316,513396.28
5799,513213.56
5699,513093.5
5698,513043.56
9779,513023.66
6418,512746.94
2688,512217.4
4872,512178.66
3038,511842.16
8950,511294.47
9957,511157.44
2836,511012.25
9286,510690.53
2285,510542.88
8210,510481.5
7573,509736.56
1797,509551.66
7574,509525.84
5700,509415.75
8800,509084.62
5179,508657.25
7735,508270.78
8988,508241.16
8981,508157.1
867,507947.22
9185,507884.38
1943,507852.25
2044,507852.25
1842,507852.25
1942,507852.25
4167,507365.0
2390,506748.12
8262,506677.0
7851,506560.12
3322,506446.28
6466,506021.16
2088,505901.97
7038,505768.8
9020,505435.38
5474,505059.9
8386,505035.84
6592,504683.38
2043,504599.25
4327,504261.44
8160,504075.34
7832,503937.03
8788,503880.53
8163,503716.6
9069,503477.56
7762,503124.12
8309,503118.03
2640,502840.53
1153,502822.66
2633,502248.25
9981,502165.8
1146,502043.34
8286,502007.12
3325,502000.97
5125,501867.8
5382,501814.9
3582,501622.9
855,501607.38
3358,501595.47
8042,501569.66
1748,501356.72
5680,500879.03
7937,500820.22
4481,500363.0
7260,500138.75
7406,500076.22
2540,500018.47
4240,499829.6
7328,499696.84
8312,499521.6
7636,499310.0
8110,499267.8
3138,499092.28
3139,499092.28
8013,498941.3
7179,498656.75
7938,498516.4
6319,498106.4
8037,498028.7
2491,497116.3
8454,496888.38
2484,496487.66
2837,496023.25
8462,495947.2
4992,495676.22
9772,495555.88
8787,495342.7
7186,495334.22
9681,495165.6
1796,495132.16
1854,495130.84
6655,495012.6
1989,494914.97
7875,494852.72
8108,494332.34
3465,494281.94
3033,494247.88
8109,494240.34
1641,494130.94
7834,494049.47
7049,493882.28
4239,493677.5
4670,493643.62
1350,493613.94
5899,493509.16
8993,493387.0
9920,493325.4
8209,492422.38
9575,492383.28
7850,492272.47
8691,492183.16
9053,492159.8
8931,492018.7
1795,491917.78
5525,491823.22
9378,491669.4
7147,491494.25
9191,491427.44
5276,491345.84
1956,491175.47
7635,491159.72
9088,491086.7
8217,491055.8
2736,490985.06
7637,490842.84
5636,490706.1
3258,490513.97
8831,490423.3
5230,490139.22
8451,490080.1
7737,490053.1
9153,489522.12
9289,489181.88
2541,488727.53
8241,488220.88
8022,488100.56
9862,487699.94
9891,487520.53
7338,487506.28
8284,487297.8
8141,487275.25
1647,487157.34
1747,487157.34
8830,487008.72
5079,486760.22
7750,486737.66
8641,486630.97
5800,486550.03
7449,486470.44
4429,486411.84
4738,486247.25
6696,486110.84
8688,486017.47
1349,485828.4
7793,485690.97
4141,485618.8
9655,485321.8
755,485106.9
3350,484991.25
2284,484454.34
7837,484309.1
6219,484286.34
3419,484154.38
7048,483968.8
8517,483771.4
4426,483571.94
5229,483480.22
7736,483258.66
3423,483161.2
8137,482824.44
8038,482733.2
2384,482369.5
3472,482309.03
9782,482170.94
4140,482143.72
8041,481963.28
8240,481907.72
4166,481876.0
7350,481740.4
6787,481703.78
2531,481693.88
8736,481207.03
2349,480965.4
3428,480899.84
2783,480790.2
7245,480554.3
7650,480433.7
2487,480152.03
8592,479956.9
3422,479803.0
2683,479716.2
8418,479587.75
2682,479580.88
7223,479346.2
1696,479325.9
2756,479286.03
2857,479182.4
2757,479182.4
9021,478061.62
9220,478060.56
9121,478060.56
9221,478060.56
9120,478060.56
9122,478014.56
9320,477934.75
7751,477879.06
7941,477646.3
3257,477635.16
7279,477629.4
8358,477273.78
9219,477183.88
9319,476782.44
3471,476776.0
7359,476731.4
2758,476605.03
4582,476091.97
9465,476024.12
3738,475947.3
8237,475934.78
3019,475855.94
8239,475772.84
9265,475571.3
1853,475569.78
7967,475511.53
9087,475319.72
3140,475201.28
4340,475149.25
7178,475084.66
8731,474984.78
3724,474637.56
6693,474633.2
7549,474444.78
3456,474398.53
3130,474229.62
9321,474030.62
8384,473822.47
1554,473215.6
9787,473204.47
856,472974.66
9285,472871.38
2148,472848.16
6492,472309.97
9868,472198.22
9261,472180.28
5798,472001.1
7912,471884.56
2858,471810.25
1050,471796.44
7356,471656.7
7763,471128.8
8317,470740.12
9278,470585.7
7538,470381.3
2919,470248.16
2789,470121.03
1697,469778.4
9035,469731.97
8039,469669.03
6392,469514.6
8667,469494.22
8750,469486.56
9193,469451.7
8140,469074.03
7804,468965.47
6294,468621.25
7285,468595.8
9165,468595.44
2289,468249.2
7965,468147.62
6893,468074.72
2856,467934.7
965,467829.5
3837,467593.44
4142,467380.88
9254,467191.9
9571,467104.25
9036,466936.84
9037,466576.25
2730,466435.1
9364,466372.53
4043,466088.2
7417,465938.34
6295,465870.75
8138,465827.03
5028,465764.1
8213,465727.8
8008,465694.56
1259,465691.06
7949,465609.53
3527,465281.6
7594,465243.66
8456,465208.94
3131,464968.12
1794,464925.72
3578,464922.06
6099,464098.1
6199,464098.1
6100,464098.1
5999,464098.1
7930,463895.28
1742,463755.78
7942,463753.28
9590,463651.94
3155,463549.7
8413,463434.9
7105,463181.7
7104,463181.7
7005,463181.7
9420,463159.3
1348,463031.97
5319,463021.2
6906,462990.9
6098,462954.22
6555,462787.78
8040,462782.28
3462,462580.75
8650,462415.44
9845,462287.4
3539,462086.6
3429,461998.3
7205,461766.94
5980,461585.56
7831,461483.8
2188,461436.0
9050,461389.2
8930,461350.5
5320,461247.66
4241,461159.2
8009,461130.38
9694,460979.72
8987,460969.3
8139,460943.66
9982,460531.62
3731,460210.56
7006,460172.06
9253,459714.22
7106,459358.62
7379,459113.6
6200,459111.56
6985,458897.12
3323,458889.34
8861,458690.16
7526,458648.22
9464,458630.56
8832,458553.1
3469,458502.1
9983,458460.66
9685,458236.88
1897,458000.34
9791,457795.5
8860,457715.62
9379,457595.2
9034,457374.22
3366,457369.06
3365,457369.06
3364,457369.06
4181,456796.6
9394,456762.72
1953,456665.66
8536,456312.66
1852,456023.56
9222,455837.88
3526,455776.7
3351,455688.25
3122,455665.0
3252,455408.53
4170,455346.56
4180,455181.34
3186,454947.1
8550,454568.47
9049,454444.12
8007,454284.22
3086,454283.78
3976,454213.84
5419,454154.8
8543,454134.5
8014,454037.34
7550,453414.47
2957,453381.12
7450,453343.03
7911,453308.66
8949,453230.06
9218,453144.78
6198,452914.5
8136,452604.9
8238,452513.56
7562,452485.62
9262,452276.78
9591,452139.03
4236,451939.8
5473,451828.9
1453,451777.22
5725,451393.12
1884,451320.3
8114,451071.62
7204,451061.72
7979,451008.22
7407,451004.72
8146,450982.5
7517,450842.66
2589,450821.94
2590,450821.94
2588,450757.12
9363,450593.75
2249,450495.34
1170,450333.47
8712,450172.1
9773,449936.28
9683,449920.75
6000,449838.44
2690,449767.97
1248,449594.16
7547,449576.62
4182,449548.06
4042,449496.06
3056,449491.84
3057,449491.84
3157,449491.84
3156,449491.84
9675,449466.75
3523,449436.5
8937,448999.38
8313,448973.4
7914,448792.47
3746,448521.34
5482,448393.56
4529,448293.9
7548,447931.4
8385,447618.84
1070,447140.47
7943,447123.72
2492,446979.34
5228,446953.03
4541,446809.7
3826,446792.56
7559,446655.0
8359,446223.0
8216,445528.75
2689,445528.5
5477,445497.06
9684,445208.47
3825,445194.84
5029,444488.7
9488,444483.8
9563,444451.7
3496,443754.3
4825,443527.0
3222,443480.47
5335,443371.0
4638,443365.03
6597,443122.3
7131,442947.25
3567,442845.75
8687,442783.9
7004,442657.94
3824,442158.56
2881,441999.47
3459,441920.78
9774,441411.16
9688,441393.94
8214,441230.03
3450,441040.16
2956,440768.6
3457,439620.2
7274,439482.9
9594,439372.84
8268,439367.12
4082,438945.97
8066,438587.8
6986,438363.7
7487,438341.1
2831,438294.06
2591,438270.38
3238,438188.9
4681,438147.72
7345,437787.28
7663,437758.88
7864,437735.16
9796,437596.0
7812,437577.62
448,437564.53
3058,437413.12
2553,437410.56
3624,437315.62
9599,437136.7
7446,437082.53
4540,436961.78
2346,436863.5
5418,436830.12
4440,436700.3
3363,436425.38
8345,436298.88
6079,436187.3
4780,436168.3
9572,436151.28
6080,436071.06
6081,436055.2
3685,435855.12
5881,435530.94
9176,435129.38
4627,434977.47
5334,434969.1
9673,434780.62
9925,434593.56
1955,434552.12
7275,434480.53
3133,434348.16
7910,434346.88
964,434339.38
1648,434288.34
8450,434236.94
2838,434190.34
49,434177.72
9038,433720.3
966,433716.4
8318,433715.12
8837,433433.44
3158,433194.0
1952,433187.28
9455,433118.0
1071,433093.56
7764,432990.3
9880,432866.78
6634,432734.2
7909,432332.72
7908,432332.72
7809,432312.16
8230,432246.38
7029,432099.12
3495,431826.25
9672,431729.44
1883,431553.5
7185,431497.53
8361,431492.7
6786,431476.38
3239,431470.25
7130,431354.12
2240,431267.22
9781,431171.22
2958,430866.97
3097,430823.62
3396,430823.62
3395,430823.62
2998,430823.62
3295,430823.62
3296,430823.62
2898,430823.62
2897,430823.62
3196,430823.62
2997,430823.62
3098,430818.84
3397,430727.06
4081,430705.28
8730,430658.44
3195,430444.75
8737,430228.66
7418,430218.8
9991,430087.3
7129,430019.2
3394,429974.78
1064,429772.56
7128,429706.4
7028,429706.4
4722,429700.2
4721,429700.2
9137,429378.75
6687,428978.97
7975,428933.1
9187,428798.5
9924,428789.84
7904,428717.22
8695,428700.22
7388,428531.12
7816,428447.88
8463,427994.78
3055,427769.53
9048,427465.25
2490,426967.62
1885,426855.5
9373,426545.94
4339,426358.2
7977,426344.88
9882,426332.5
1957,426069.88
8798,425985.72
8796,425920.66
2735,425878.25
6793,425818.84
3198,425788.44
4075,425710.38
6692,425556.84
3623,425516.62
9079,425501.75
6791,425350.72
6892,425350.72
6792,425350.72
6891,425342.88
8158,425173.06
8078,424870.56
1894,424697.38
8464,424590.72
4242,424558.44
8167,424466.3
2042,424407.62
6807,424070.56
9389,423980.5
7957,423920.97
7808,423873.06
8077,423854.28
1954,423847.1
8257,423797.7
8567,423617.16
3568,423514.28
9293,423500.38
7709,423326.22
1164,423299.06
9192,423081.84
9322,422953.16
4783,422843.56
2149,422653.53
2049,422614.44
9588,422447.94
8617,422390.56
7317,422385.4
3823,422222.53
9138,422205.22
9177,422005.28
4581,421959.44
6927,421672.53
3099,421590.6
4621,421580.12
8260,421480.97
7648,421476.28
3424,421189.97
2938,420815.25
3197,420703.03
8479,420615.22
2489,420586.75
2441,420582.3
1454,420228.22
9118,420225.97
8362,420200.7
7761,420148.47
8480,420015.12
7474,419989.4
967,419953.44
8068,419898.66
8150,419828.34
1646,419557.44
9183,419171.0
3596,418791.88
5599,418764.16
3096,418361.25
8067,418268.66
7881,418018.88
8233,417833.0
9092,417676.47
7349,417671.75
1047,417359.88
7978,417323.38
1165,417245.0
9263,417161.62
4526,417003.72
3943,416934.78
1695,416896.66
6907,416713.34
2988,416591.2
9264,416445.84
5224,416077.03
9292,416048.5
6680,416007.6
9874,415956.2
7237,415900.66
4172,415822.1
4822,415561.25
6194,415537.7
7181,415274.03
5131,415211.97
9419,415080.8
8157,414842.34
9188,414820.38
1784,414747.47
7907,414288.78
1252,414247.1
9291,414241.78
9390,414237.0
4482,414208.97
8057,413968.72
8056,413968.72
8246,413865.66
6533,413428.47
3631,413341.3
9799,413293.44
4821,413226.44
5981,413194.9
7536,413068.9
4723,413018.0
7124,412987.6
3982,412945.88
3630,412905.2
7024,412891.34
2899,412850.25
5025,412701.12
5600,412681.28
2286,412672.75
2932,412574.12
9883,412523.25
7346,412360.56
8544,412332.9
9700,412311.06
3696,412250.16
6691,412155.94
8258,412107.97
6785,412044.62
7413,411998.34
4177,411837.56
3926,411807.3
7206,411778.03
1058,411673.8
3032,411257.38
1950,410794.38
8294,410635.2
7708,410546.0
7246,410540.7
3449,410499.75
3421,410482.4
1253,410476.47
9093,410474.94
6685,410285.56
3843,410271.47
7807,410149.47
1551,410137.16
7707,410067.84
7706,410067.84
7906,410067.84
7806,410067.84
2753,409973.03
868,409810.78
1447,409458.8
5627,409414.66
754,409393.34
7447,409149.22
9077,409083.6
9968,408964.44
2641,408891.06
7252,408774.75
2896,408487.53
4981,408465.34
5088,408447.97
3468,408092.72
4974,407867.9
4739,407427.56
8360,407364.56
6300,407164.75
8285,407103.75
4725,407054.7
9944,406810.25
8208,406802.94
3297,406760.5
7915,406638.12
7280,406483.72
1158,406300.4
5178,405828.34
8232,405827.16
9083,405514.72
7357,405476.1
7537,405275.22
1057,405189.28
5081,405151.5
650,405137.9
3359,405008.84
5440,404898.9
3199,404800.28
3294,404431.75
1694,404149.8
8156,404111.25
7416,404107.75
8642,403930.66
2488,403788.62
6243,403635.2
9355,403563.8
9492,403558.38
7229,403555.72
6196,403262.8
6197,403262.8
6096,403097.6
6195,403095.94
9654,403080.84
968,402970.22
1065,402855.72
1066,402743.06
7318,402732.44
7721,402619.03
8357,402550.75
5639,402472.0
8095,402375.38
4066,402296.8
7360,402091.94
3525,402070.44
8058,402055.06
8982,401809.88
7946,401769.38
4740,401716.5
2999,401626.7
9586,401455.75
1354,401262.44
7810,401238.38
6905,401108.75
5581,400802.44
3039,400612.78
8412,400323.97
5736,399700.44
4580,399598.2
7607,399484.53
7305,399469.78
8135,399456.72
2931,399446.1
4282,399357.5
8168,399222.88
3925,399165.66
8938,399133.34
4428,399119.94
9392,399059.97
9745,399044.94
7876,398684.1
2583,398361.22
3583,398302.6
8485,398143.5
9593,398119.7
9493,398055.34
9491,397811.25
7921,397615.78
7947,397539.66
7438,397525.72
9667,397334.2
7437,397288.44
7448,396779.8
8444,396559.75
4476,396480.5
5077,396412.94
4677,396215.97
2989,396058.56
7123,395929.44
5527,395644.97
8684,395644.25
9592,395581.28
4183,395272.94
5235,394914.0
5124,394828.44
9388,394754.34
8483,394675.38
957,394671.84
9287,394419.12
9288,394406.84
8980,394211.8
5740,394152.0
2185,394014.2
8107,393841.38
2184,393740.9
5227,393720.8
6217,393513.34
4171,392980.6
5420,392891.5
3095,392781.97
753,392626.0
5325,392582.47
8465,392500.44
2739,392438.62
9391,392419.84
7805,392355.62
7436,392321.75
7337,391493.16
9164,391478.8
8259,391270.16
6097,390677.88
8829,390609.1
1171,390521.6
8159,390347.4
8694,390194.78
8693,390124.56
8231,389901.56
4639,389869.22
7336,389726.34
9494,389603.94
7705,389507.38
5318,389489.38
1547,389460.6
7479,389248.8
3934,389092.25
8263,389091.56
8215,389085.94
5219,388843.6
8587,388714.53
7920,388607.4
7323,388475.2
8741,387977.22
8117,387940.28
1157,387916.56
8346,387866.78
1984,387825.0
3695,387520.8
3387,387244.78
8331,387155.22
4521,387104.66
8332,387014.56
9260,386983.7
3425,386837.78
2830,386767.03
8347,386672.47
8247,386188.28
3981,386036.3
7411,386025.94
9030,385994.94
6698,385981.94
3216,385831.1
8493,385592.66
6697,385552.28
3497,385538.47
8593,385384.62
8643,385109.6
5998,384899.25
7203,384812.88
9490,384651.06
1896,384633.8
5100,384363.7
8838,384352.78
8586,384091.72
2387,384038.16
3226,384032.38
9587,383934.5
9178,383922.25
3489,383898.3
9555,383699.53
9022,383322.88
5199,383224.56
1785,383130.8
4640,383068.7
3524,382750.4
1685,382622.88
1249,382565.1
9687,382562.38
7606,382330.1
9873,382201.97
8644,382198.53
6180,381867.44
7361,381792.7
9589,381772.47
8321,381644.2
9767,381588.47
7412,381570.06
6380,381522.1
847,381430.88
8021,381172.06
7905,380983.66
5200,380964.88
1783,380892.75
8046,380814.0
2143,380624.3
4471,380512.47
2855,380302.16
2930,380278.9
2389,379936.9
949,379825.62
1451,379427.6
8062,379321.78
2287,379312.88
2388,379312.88
2288,379312.88
4921,379188.94
4920,379177.34
9971,379095.44
3488,378989.03
5099,378960.56
3595,378935.1
8348,378928.9
8701,378485.84
8365,378297.66
8742,378284.34
3132,378243.25
3031,378069.56
2542,377873.53
4622,377691.28
2153,377629.47
1258,377595.28
3369,377479.06
2053,377148.5
8634,377141.03
9674,376935.38
4178,376883.47
2054,376876.8
8615,376730.9
9123,376719.0
1990,376636.22
7307,376427.16
2582,376081.38
9642,375917.44
6095,375716.88
3522,375668.94
4919,375507.62
8248,375259.62
4382,375216.22
8198,375216.03
9393,375144.34
8449,375075.56
7511,375040.03
7913,374938.0
8393,374668.47
7916,374584.78
8850,374502.62
9163,374456.94
3584,374453.38
3152,374377.06
8594,374280.72
2050,374254.28
3560,374103.66
4577,374049.1
9686,373990.25
3984,373660.12
8445,373377.47
3298,373335.78
5234,373200.78
8545,372740.4
4839,372722.47
7459,372531.53
1450,372436.78
2890,372389.47
2955,372183.97
2530,372096.3
7558,371954.88
6485,371775.1
3054,371728.4
3240,371611.3
8948,371260.0
8349,371008.56
8522,370938.03
5399,370729.78
5499,370729.78
5398,370729.34
5500,370675.72
1944,370645.97
9489,370525.6
2152,370485.16
2790,370274.1
8711,369848.0
9148,369680.16
5640,369679.53
9997,369655.1
8350,369516.3
2816,369378.53
7423,369212.1
9647,369180.72
8601,369040.84
8446,368900.66
8061,368898.16
6082,368822.78
9744,368778.72
1449,368764.4
8394,368340.4
7261,368283.62
9033,368166.28
2996,368130.44
8364,368059.88
8131,367624.56
7682,367517.34
6584,367345.12
6587,367285.66
9374,367182.84
2052,367161.6
7458,367151.0
9600,366783.28
6887,366774.28
5220,366765.12
4271,366732.6
9499,366528.03
3494,366378.16
3053,366117.22
8295,365982.7
9844,365867.4
2952,365833.22
7378,365829.94
2953,365800.6
2954,365800.6
2854,365800.6
3388,365766.4
3389,365766.4
5400,365653.78
1895,365648.28
4139,365577.62
7457,365283.66
3052,364988.38
9353,364907.03
4126,364876.28
3289,364874.3
2853,364815.03
3189,364780.97
3288,364776.78
3743,364734.88
3088,364672.9
3487,364542.75
3188,364481.2
7919,364464.03
8494,364325.2
7007,364316.88
4570,364233.4
2344,364228.38
3089,364192.3
7287,364156.94
2341,364130.4
7649,364061.22
3187,363990.6
3682,363768.44
3287,363758.5
7513,363350.66
7613,363350.66
7512,363284.7
7612,363284.7
9065,363258.28
9998,363121.97
7276,362988.56
7734,362811.38
9139,362743.4
1585,362689.12
2091,362548.1
3087,362502.2
9078,362182.75
3983,361703.4
7184,361560.72
7748,361444.97
8149,360980.22
6886,360911.28
3116,360648.97
7664,360632.03
2852,360503.75
9872,360162.5
7923,360044.0
9881,359907.47
1548,359788.7
7294,359491.3
1788,359423.6
1657,359393.12
7278,359365.1
2483,359169.6
7230,359086.84
6417,359073.06
8250,359058.56
7211,358882.44
4528,358866.7
4984,358797.16
3448,358770.4
3446,358729.84
3348,358727.0
3347,358727.0
3447,358727.0
8395,358582.8
5337,358378.94
4472,358364.2
8743,358323.5
8320,358279.56
2150,358004.16
4084,357901.16
1891,357643.1
1789,357603.78
1790,357603.78
1889,357603.78
1689,357603.78
1890,357603.78
1741,357505.0
4136,357320.16
970,356998.5
4820,356879.12
4530,356551.9
1843,356394.75
9031,356381.47
2243,356377.12
2442,356377.12
2142,356377.12
2343,356377.12
2242,356377.12
2342,356377.12
2443,356376.72
8104,356375.9
5231,356321.34
5299,356313.34
3924,356250.44
857,356213.5
1791,356082.16
5598,356032.78
765,355983.0
9641,355814.0
9742,355810.5
9842,355810.5
9554,355723.88
7994,355318.12
4175,355286.34
8123,355282.97
1690,355175.03
6993,355046.4
5217,354949.72
5317,354947.0
8020,354846.16
9223,354724.72
9743,354722.66
869,354696.4
870,354696.4
9500,354601.06
1951,354525.84
969,354395.12
2051,354375.4
8732,354286.9
8595,354119.03
9988,354029.78
9041,353816.12
9992,353381.94
9162,353327.6
9740,353192.53
9324,353144.72
9124,353050.6
8218,352916.03
3518,352842.22
7658,352785.7
7030,352652.97
5542,352300.97
7580,352241.88
8016,352235.62
4184,352198.1
9039,352045.53
1888,352041.53
1148,351985.6
9974,351976.9
9843,351835.34
9225,351786.12
9224,351786.12
9323,351786.12
5038,351779.03
848,351665.66
7849,351605.28
8564,351414.28
2951,351344.75
4571,351335.1
3338,351332.2
3339,351332.2
8004,351185.9
3439,351179.38
4041,350930.25
7464,350696.7
9741,350529.75
5423,350354.3
8616,350135.1
7286,350076.12
5316,350058.66
1049,350052.7
1149,350052.7
1048,349997.16
9921,349988.44
7694,349834.97
6484,349792.22
5298,349707.78
3194,349442.7
8330,349370.66
3440,349347.1
1159,349315.47
5697,349264.22
7462,349224.66
8249,349161.8
8019,349153.78
8006,348921.4
4421,348860.12
5315,348823.47
9325,348626.16
7575,348566.44
8503,348554.22
3978,348500.72
5300,348277.88
7522,348274.25
4174,348273.44
4922,348196.84
7478,348146.38
4083,348022.16
4324,348020.06
1446,347979.16
5218,347961.66
9919,347948.94
1546,347920.44
9798,347516.47
6996,347371.38
7363,347217.72
9125,347172.9
3340,347006.1
7103,346863.3
9867,346562.6
6299,346491.88
9136,346325.22
2536,346075.12
6483,346036.47
4080,345920.28
8431,345873.47
8196,345768.3
8323,345563.66
8122,345563.66
8221,345563.66
8121,345563.66
8322,345563.66
8222,345563.66
8223,345563.66
8842,345424.56
1445,345415.4
8336,345180.8
4037,345077.16
5425,345064.44
4233,345043.03
7427,344997.7
1683,344792.3
1988,344782.5
8942,344780.56
8941,344780.56
8841,344780.56
7262,344731.25
3985,344514.8
4085,344296.22
1353,344275.4
9967,344212.94
7683,344091.94
3390,343951.0
5020,343886.2
8939,343735.25
8482,343665.06
4420,343586.28
1688,343559.56
1749,343480.56
1649,343480.56
6806,343404.78
1545,343395.7
6992,343278.38
8645,343265.78
8940,343222.47
2799,343222.28
8005,343154.78
5324,342813.9
8423,342742.2
8065,342719.53
7749,342708.1
1991,342528.84
1257,342421.75
8164,342377.9
5216,342263.34
2543,342224.0
3299,342185.84
2900,342176.4
3882,342114.2
9454,342014.34
5900,341977.56
3398,341961.3
9354,341848.6
9042,341683.56
5794,341446.72
4078,341148.5
7362,341121.75
948,341008.75
5424,340608.9
9061,340565.22
2791,340545.78
9161,340520.9
5417,340468.22
7858,339941.34
3300,339898.88
3290,339875.4
7715,339771.53
3795,339722.0
2990,339637.16
1154,339619.5
4179,339611.44
7289,339545.28
7288,339545.28
5498,339416.44
4238,339372.84
8166,339332.7
9421,339138.56
2151,339072.7
7090,339029.94
3980,339018.44
3979,338968.53
4079,338968.53
8130,338878.12
5524,338762.6
3546,338708.1
3986,338695.3
6881,338347.8
1549,338235.9
7290,338080.3
3589,338078.72
9318,338012.5
8609,337802.9
6583,337754.7
6928,337455.78
7781,337301.53
1787,337284.2
2141,337246.75
4983,337231.72
9238,337220.47
2241,337068.56
1448,336754.9
7190,336711.7
4270,336710.47
3744,336463.78
5321,336407.34
9329,336370.06
8432,336317.47
5781,336262.34
5326,336019.8
7311,335893.2
3349,335830.5
4173,335510.06
2657,335506.3
7794,335465.12
6343,335459.28
1792,335306.3
2798,335120.78
4838,335042.56
6480,334707.97
9040,334705.5
9996,334591.97
7611,334588.5
3200,334587.7
4931,334504.0
1583,334226.72
7579,334152.97
7894,334096.47
8495,334037.62
1692,333888.78
3646,333846.25
3645,333846.25
3644,333846.25
3745,333846.25
8116,333840.97
2634,333823.84
1591,333725.1
1691,333578.66
1693,333576.94
1593,333537.12
7194,333535.56
1156,333429.53
1592,333412.66
9963,333380.6
9383,333287.7
4680,333201.4
1793,332974.62
2056,332887.0
5327,332878.66
5323,332837.9
1255,332836.9
2918,332712.62
8204,332671.94
1550,332548.75
5982,332480.22
1067,332471.16
6419,332442.7
3796,332429.3
9648,332232.88
6744,332200.2
9062,332005.78
8197,331956.1
8733,331715.47
1556,331692.62
9384,331684.94
2154,331630.97
1155,331417.56
7521,331410.22
9283,331280.6
9284,331280.6
7480,331274.6
9640,331185.7
8849,330960.25
7584,330766.4
8105,330696.88
7578,330693.03
9943,330637.16
7730,330565.3
7830,330556.03
8535,330548.44
9643,330254.38
1270,330198.25
2797,330156.25
6486,330080.7
9032,329813.7
6635,329773.88
9645,329702.53
2895,329354.3
6684,329296.4
4040,329260.56
2691,328970.62
3643,328895.06
1589,328773.0
3100,328761.38
5129,328738.9
3324,328695.47
8726,328678.38
8826,328672.84
8015,328651.3
8099,328650.03
8926,328632.9
8363,328615.9
7731,328447.25
8868,328426.5
4823,328412.06
8507,328136.34
8206,328136.34
8508,328136.34
8606,328136.34
8506,328136.34
8408,328136.34
8407,328136.34
8306,328136.34
8307,328136.34
8205,328133.9
8404,328131.66
8304,328113.6
8405,328112.6
8406,328097.75
8403,327882.5
8115,327826.7
9026,327789.3
1496,327396.7
1497,327396.7
1596,327396.7
7189,327355.34
1651,327278.7
7089,327182.75
9117,327127.62
8969,327111.47
1597,327021.88
8124,326973.38
4623,326970.34
2292,326792.7
6580,326705.25
7899,326422.16
7710,326302.84
7660,326183.56
7247,326135.78
2995,326041.66
9184,326007.8
2716,325933.0
2383,325859.28
8505,325834.38
7898,325647.7
9001,325540.25
5223,325534.78
3545,325509.88
9646,325501.72
4424,325438.88
9649,325369.28
5426,325365.12
7195,325342.25
9644,325322.16
1495,325245.5
3051,325112.06
8827,325083.2
6193,324874.53
9226,324851.7
9229,324842.56
8199,324804.66
2652,324751.0
9543,324707.62
7817,324676.16
3190,324662.34
770,324488.72
1256,324452.25
7900,324426.72
958,324348.4
3094,324128.4
8816,323976.97
2991,323962.72
8207,323947.2
7621,323804.22
8308,323776.3
3327,323769.6
7958,323726.5
4219,323632.44
3090,323502.25
5739,323369.88
8607,323352.25
7387,323246.16
3585,323195.66
2436,323118.88
1440,323026.06
3293,322960.6
8000,322948.53
5797,322785.34
6386,322764.56
6385,322764.56
5422,322741.22
7091,322690.22
7283,322633.7
9763,322547.53
3977,322444.28
3291,322421.97
3292,322421.97
2894,322421.97
3193,322421.97
2793,322421.97
2994,322421.97
3091,322421.97
3092,322421.97
3093,322421.97
3191,322421.97
3192,322421.97
2794,322415.56
2993,322395.4
2893,322356.75
3251,322319.3
3000,322306.4
2767,322272.22
2764,322272.22
6487,322192.12
8961,322191.44
7999,322168.53
2664,322159.16
9345,322146.2
8421,322123.1
2392,322098.38
2866,321975.1
2765,321833.6
4525,321727.88
3923,321701.12
3884,321686.22
2768,321679.94
8098,321624.72
7848,321578.78
2665,321481.6
6826,321406.94
1850,321406.44
6387,321392.56
2792,321391.72
9966,321304.25
7563,321260.75
2867,321106.6
3937,321072.62
7586,321015.72
7998,320928.4
4284,320909.3
749,320809.44
7463,320561.72
6884,320509.47
9973,320441.78
1498,320388.84
2766,320367.0
6285,320354.44
2929,320298.97
7608,320137.28
2663,320121.25
7564,320045.1
2666,319836.12
2928,319771.47
8523,319630.5
8305,319417.06
4737,319408.56
7583,319333.4
2746,319158.44
7329,319135.7
9130,319125.22
6827,319099.5
7094,318950.9
2667,318925.97
4522,318896.94
9972,318880.78
8725,318766.84
5282,318611.62
7191,318534.66
8962,318531.56
7374,318504.72
4637,318501.2
7202,318473.06
3030,318458.2
7291,318402.94
7092,318402.94
7292,318402.94
7192,318402.94
6784,318318.78
8822,318244.72
1594,317681.34
7456,317360.25
1595,317340.2
5416,317333.4
7686,317316.94
8422,317249.3
7293,317190.25
7518,317158.28
947,317030.66
7829,316855.38
7995,316830.03
3346,316765.16
2868,316759.56
1069,316737.47
3794,316549.56
7800,316427.94
5421,316352.22
6284,316260.22
9866,316121.7
8120,316098.22
8504,315877.53
9025,315743.38
9545,315674.94
9544,315593.16
7319,315579.47
9063,315343.5
9663,315128.53
4320,315086.75
7582,315041.72
7483,314931.75
7484,314907.8
6384,314781.2
5021,314670.88
1590,314605.38
8267,314562.47
4624,314503.88
2636,314488.5
8817,314480.0
4626,314435.47
4524,314410.3
4523,314309.88
3885,314185.44
8448,314049.03
3393,313744.3
7193,313590.56
4430,313499.16
2055,313499.12
4771,313108.22
4724,313088.8
8299,313051.84
7485,313008.5
8929,312985.34
1046,312851.53
8165,312832.8
7098,312734.22
7197,312734.22
7095,312734.22
7096,312734.22
7196,312734.22
7097,312734.22
7198,312734.22
8963,312609.38
7383,312522.47
7585,312447.97
8224,312312.4
2763,312140.6
8396,311973.25
7535,311946.3
7617,311943.75
9227,311904.03
5415,311856.62
8097,311755.16
2829,311635.66
2800,311602.22
5518,311500.3
5133,311315.5
5132,311315.5
5033,311315.5
8696,311254.03
4077,310981.03
7377,310875.38
9126,310806.56
6292,310790.28
8003,310618.56
3935,310544.2
2566,310504.6
4925,310438.44
1352,310376.4
7684,310219.7
4436,310023.3
8925,309847.66
2444,309827.94
3530,309795.5
9444,309654.34
2253,309649.84
9965,309547.1
8106,309513.6
5032,309149.8
8368,309093.78
2828,309068.06
9964,308991.72
8825,308841.88
1075,308764.7
4137,308557.9
4336,308556.03
6997,308445.28
4337,308403.22
5522,308345.28
8467,308001.84
8466,307972.6
8367,307972.6
8366,307972.6
5232,307850.66
7093,307758.56
7895,307705.25
5995,307677.47
7896,307654.78
8768,307602.47
7795,307473.34
2482,307461.38
5034,307331.4
5233,307069.9
2920,306908.9
4625,306681.47
5134,306558.28
8631,306448.78
3640,306415.47
1455,305998.0
9135,305969.38
2354,305924.88
2355,305924.88
2454,305924.88
2255,305924.88
2254,305869.16
2155,305799.94
2156,305753.88
447,305751.34
7277,305627.53
8148,305408.78
6286,305268.7
4237,305182.53
3531,305177.47
7486,305104.72
9546,304971.38
4527,304950.4
9445,304600.88
8296,304549.84
6991,304457.53
4176,304435.44
4423,304021.47
8266,303910.75
5328,303788.4
2581,303720.62
7249,303541.75
1893,303427.62
9328,303140.88
7099,302883.7
9017,302848.25
7678,302691.88
647,302674.9
8713,302662.88
5123,302653.3
3686,302566.53
2729,302565.25
1444,302423.84
7729,302403.8
4231,302205.78
5521,302205.6
4837,302011.5
2717,301991.5
5198,301838.7
7236,301822.62
2353,301786.56
4076,301768.94
4138,301550.7
7577,301533.7
7681,301455.62
946,301303.78
2851,301227.34
9797,301199.53
7405,300967.47
7199,300966.4
8605,300942.84
4933,300858.47
250,300835.5
5540,300439.4
9820,300273.06
2865,300202.1
9897,300192.62
9898,300192.62
9237,300048.12
5642,299971.6
349,299920.94
8867,299765.34
4824,299749.66
6185,299686.16
8784,299406.16
5139,299381.47
4283,299318.3
9896,299285.47
9239,299212.44
8333,299185.62
1499,298991.8
9236,298989.22
9337,298889.25
7712,298852.4
8096,298832.16
9336,298759.2
9338,298657.7
1500,298562.66
2752,298443.8
4272,298234.56
8147,298140.12
864,297996.2
756,297839.22
1169,297793.4
5898,297703.25
249,297631.78
9865,297579.72
9023,297568.66
7679,297568.38
6939,297502.53
1063,297467.53
7704,297223.88
748,297048.53
7380,296973.44
8324,296948.9
8922,296896.9
1892,296805.7
350,296787.62
9424,296710.66
8727,296648.34
1851,296542.38
747,296524.38
9235,296497.75
1265,296438.72
8823,296414.2
8706,296413.34
858,296280.84
8923,296156.3
8924,296156.3
9024,296156.3
4432,295898.56
7386,295879.9
5177,295875.12
4025,295745.8
4024,295745.8
4125,295745.8
4026,295745.8
4836,295677.66
8623,295565.8
9101,295526.1
5023,295495.03
7897,295404.75
1400,295355.28
4372,295300.47
4923,295190.44
2917,295142.2
6287,295106.03
7844,295097.75
8604,295014.56
8815,294861.6
7700,294859.75
4520,294737.0
1166,294684.75
2447,294584.97
8797,294299.84
8915,294257.22
8917,294257.22
8916,294257.22
2642,294185.1
8297,294161.97
4124,294139.94
7477,294094.38
9016,294068.22
8436,294047.3
7685,294043.88
9438,293942.72
2817,293838.88
3786,293791.88
5024,293640.03
4924,293640.03
8220,293631.9
3029,293526.88
6186,293489.44
9942,293404.03
6706,293309.0
9339,293147.44
8496,293063.1
9217,292977.6
4319,292942.03
9428,292852.97
5523,292830.25
6187,292748.28
8319,292734.7
9549,292690.47
9566,292686.88
9448,292665.62
9449,292570.0
7799,292522.7
6984,292412.2
7581,292401.88
8824,292322.25
9548,292304.0
1365,292255.66
3622,292087.38
548,291971.97
1841,291903.6
7634,291818.75
5427,291640.72
8229,291472.97
8783,291407.53
9447,291279.2
5333,291154.3
9348,291074.1
9349,291074.03
449,290951.72
8236,290842.84
9327,290760.06
9340,290669.94
7818,290646.2
1267,290522.84
1168,290522.84
1269,290522.84
1167,290522.84
1268,290522.84
1368,290522.84
1367,290522.84
1369,290522.84
1469,290470.22
1470,290470.22
1467,290470.22
1468,290470.22
1466,290469.53
5782,290451.66
5681,290451.66
7087,290428.9
5996,290404.7
1068,290404.03
8715,290265.25
4572,290235.03
6683,290227.66
8447,290220.12
846,290209.25
6707,290139.28
8626,290129.84
2916,289859.34
7576,289735.84
7282,289641.6
3886,289550.5
9794,289414.84
8625,289379.75
9247,289316.7
3016,289268.12
3430,289259.72
7997,289249.5
2448,289166.22
547,289095.0
8878,288930.7
1266,288805.6
7482,288764.34
648,288730.4
7903,288681.16
348,288666.22
6639,288610.47
5122,288567.03
6638,288540.12
3785,288381.47
8716,288374.22
8717,288277.6
6738,287864.75
2481,287774.75
8200,287697.62
4934,287694.34
6987,287615.4
8549,287535.97
2565,287532.28
3694,287461.25
5682,287390.6
8546,287301.6
1983,287228.25
5022,287221.94
2084,287009.03
7310,286950.72
8866,286911.9
3588,286886.47
4371,286622.8
5329,286548.2
4671,286480.53
4736,286476.9
9578,286424.34
1786,286371.34
8100,286361.03
9766,286339.25
6181,286199.12
5783,286197.6
9437,286126.88
5221,285990.3
8927,285952.06
8484,285878.0
9230,285815.34
9720,285796.06
7182,285674.72
1465,285553.44
5582,285433.22
5683,285427.06
3642,285375.53
5793,285217.34
3689,285217.2
7945,285118.62
6481,285084.7
6381,284964.5
9006,284957.2
7845,284951.6
2187,284951.3
2869,284946.34
7605,284631.84
8965,284552.84
758,284375.34
3151,284346.7
3264,284243.34
9246,284225.88
7304,284000.62
5428,283990.62
8901,283863.1
3420,283840.2
7944,283806.7
4335,283692.88
5997,283674.4
4636,283492.75
8534,283465.75
8300,283449.53
7347,283391.62
1370,283384.6
3023,283301.56
5795,283278.12
5796,283278.12
5896,283278.12
5895,283278.12
5897,283278.12
4338,282977.94
8265,282953.62
2453,282854.66
8723,282642.3
2081,282527.47
5019,282475.3
8984,282213.06
4536,282153.6
8608,282098.7
8264,282062.16
5082,282017.5
8424,281973.28
9480,281516.97
8298,281456.7
9084,281408.12
2083,281361.8
7901,281360.47
7811,281269.78
9129,281267.56
9893,281132.16
2256,281070.72
6998,281059.38
7504,280875.94
7503,280875.94
5322,280794.0
1366,280744.97
9864,280673.1
4888,280669.5
3540,280529.72
6184,279827.7
9248,279732.4
4938,279691.28
4982,279576.22
7948,279526.94
7404,279436.16
7699,279413.0
8017,279395.44
7859,279272.34
9015,279263.94
9440,279111.44
1758,279074.28
7183,278933.97
8481,278890.22
651,278781.16
7996,278767.53
8724,278475.47
6042,278471.88
6280,278441.3
9565,278277.5
4332,278257.84
7302,278076.47
4937,278004.6
1687,278002.03
3168,277931.2
7610,277811.0
8303,277578.3
4936,277571.56
5222,277130.25
7151,276951.28
4039,276943.5
9547,276888.75
9564,276740.53
9664,276740.53
9665,276740.53
9666,276740.53
9764,276740.53
3392,276694.1
3391,276694.1
2751,276692.12
6739,276624.9
7505,276597.66
9765,276510.34
9302,276355.1
9201,276355.1
9202,276355.1
9301,276355.1
6433,276217.38
7403,276096.6
1992,276069.8
5190,276053.9
9326,276017.4
9401,275953.44
3742,275934.6
3268,275864.6
2700,275722.1
7506,275611.25
9029,275584.56
2769,275482.44
9423,275376.38
7414,275340.38
2599,275340.38
3265,275317.78
9863,275190.25
6888,275007.97
4833,274971.25
3150,274913.9
5189,274729.3
4819,274627.0
5135,274617.38
768,274440.25
5330,274439.78
5118,274350.4
7188,274308.97
9303,274253.7
2699,274159.0
2698,274102.53
9204,273970.9
2697,273860.0
1439,273852.47
6640,273837.12
7759,273761.03
2192,273718.88
2193,273718.88
2598,273718.88
2093,273705.88
8060,273697.84
7516,273681.28
2092,273566.1
4232,273555.06
7833,273526.78
2795,273477.34
7796,273474.28
1993,273348.06
7296,273330.47
2597,273278.94
3789,273278.75
4735,272658.4
3370,272405.03
8219,272367.78
9446,272347.62
9995,272296.3
9330,272128.78
1650,271924.88
6383,271776.84
5121,271763.47
4733,271743.97
5035,271692.8
6094,271687.88
8649,271585.12
4875,271518.12
7902,271476.7
2692,271473.44
3279,271395.3
5018,271241.8
5119,271241.8
8433,271155.8
4835,271080.25
4772,271031.03
5693,270833.72
7419,270823.53
3229,270812.84
9346,270788.62
9542,270701.9
6040,270686.4
3941,270320.53
3574,270219.2
3883,270026.0
2293,269971.22
7435,269945.2
8596,269929.75
6544,269821.97
2493,269818.7
2336,269814.38
6598,269786.8
8828,269764.88
6534,269663.8
845,269661.16
3164,269419.47
8059,269260.94
7711,269198.72
7600,269090.8
7303,268938.9
7102,268777.72
5120,268764.47
3739,268665.53
7295,268641.22
7402,268628.06
6844,268619.94
3317,268360.56
1750,268324.97
5583,268275.22
2592,268219.12
7148,268204.97
8435,268203.3
8603,268024.94
5685,267982.44
1599,267925.4
2728,267883.84
7760,267881.34
9027,267797.06
8633,267777.28
7726,267727.34
2892,267658.4
9679,267445.12
7964,267437.97
3263,267428.3
5684,267300.53
3165,267141.75
6828,267113.0
9520,267007.88
9895,266912.2
4834,266738.4
9127,266726.84
8705,266624.7
3028,266280.22
3544,266112.8
3015,265779.7
8744,265773.47
3266,265760.97
4431,265714.12
9402,265691.3
5784,265684.16
9134,265610.56
4531,265494.88
2643,265086.9
9403,264996.25
8683,264781.2
646,264632.06
3586,264610.28
9317,264535.12
4483,264517.88
9203,264488.28
8632,264399.7
4532,264264.8
3329,264223.56
7659,264223.06
8533,264162.7
7680,264135.62
8801,264133.84
4535,264113.6
5787,264085.88
5686,263998.72
8532,263905.78
2544,263713.47
3250,263652.88
6482,263647.8
649,263397.34
2980,263338.25
5788,263337.38
7082,263281.53
1598,263248.47
8048,263107.5
2534,263051.34
2992,263038.16
7348,263000.1
7376,262901.1
4427,262784.56
7023,262719.2
2445,262627.75
2446,262627.75
2646,262627.75
2645,262627.75
2546,262627.75
2644,262627.75
2545,262627.75
2745,262627.75
7880,262614.44
8979,262586.97
2635,262585.97
9894,262529.0
1566,262525.66
5340,262418.25
3723,262366.06
7298,262279.6
1355,262145.5
761,262101.86
2494,262024.34
3938,261934.84
6790,261905.52
5785,261880.53
5786,261812.08
4935,261763.5
6388,261747.39
5519,261637.55
6781,261596.42
4539,261536.78
8699,261528.75
5885,261459.1
6001,261436.8
6101,261434.05
2693,261406.89
2600,261304.88
7248,261141.72
6201,261111.08
1985,261071.2
4885,260898.36
251,260828.6
2041,260769.72
2979,260723.8
3887,260700.89
2891,260666.84
1686,260635.6
2535,260586.25
3697,260523.53
3787,260460.7
2668,260389.4
8714,260365.31
9116,260338.8
9524,260220.11
9726,260220.11
9627,260220.11
9626,260220.11
9525,260220.11
9526,260220.11
9527,260220.11
9727,260219.11
9825,260212.78
9523,260203.08
9625,260202.75
9624,260173.97
9826,260168.03
9725,260134.2
9724,260066.44
4331,260058.48
4635,260001.03
7037,259992.42
9623,259973.58
2950,259942.55
3167,259906.06
3940,259868.06
5236,259565.75
9425,259423.27
9793,259260.23
5694,259171.28
1397,259171.22
4537,259027.0
7251,258943.86
8064,258922.42
6637,258918.92
9824,258835.22
4918,258712.1
1264,258711.53
4437,258687.9
3687,258573.27
9141,258511.23
7602,258494.55
3163,258451.5
3050,258343.69
8749,258338.28
7959,258299.05
6783,258206.55
7917,258185.94
9140,258050.92
6883,257517.3
7732,257357.67
3688,257192.95
6983,257115.17
6982,257115.17
7083,257115.17
2455,257025.72
6727,256993.2
8455,256956.9
8914,256941.38
4036,256734.14
5689,256693.08
4383,256522.39
8524,256484.69
7877,256476.23
3788,256275.1
9106,256202.42
2850,256098.16
3889,256086.0
5884,256071.98
7231,255985.88
9005,255899.03
8848,255874.62
6182,255609.66
3417,255539.6
5590,255524.38
9427,255459.55
5539,255379.28
5290,255373.14
7676,255279.03
3942,255170.64
4734,255084.44
6281,255070.19
6400,254863.05
6283,254839.83
6382,254760.17
1746,254692.16
746,254592.28
7481,254581.81
2696,254474.58
4720,254412.0
6540,254298.36
351,254283.17
6138,254259.83
9441,254248.53
9426,254181.47
8234,254178.86
7733,254069.69
7312,253862.48
2864,253708.8
3597,253667.67
7618,253587.08
5297,253554.27
6140,253534.84
5894,253525.03
9240,253420.6
2236,253388.64
3267,253320.4
8119,253311.0
1751,253194.47
3888,253071.08
5882,252999.14
963,252946.9
1588,252862.0
1586,252789.72
5528,252719.92
149,252692.47
7507,252669.72
8583,252570.55
6139,252568.16
6240,252568.16
6239,252568.16
4419,252498.88
6183,252487.33
3166,252402.02
5687,252294.36
8531,252139.9
8906,252080.73
5517,252069.9
5883,251867.23
2593,251827.89
3490,251823.0
9819,251813.25
3917,251783.25
7137,251687.97
7819,251686.14
7780,251680.12
5695,251440.64
6102,251372.69
4985,251325.42
8983,251279.16
4023,251212.22
7918,251188.47
9131,251007.62
9245,250999.55
9228,250907.23
9064,250818.47
5901,250608.44
450,250564.84
6282,250524.45
1356,250443.6
3587,250423.58
9422,250402.64
3594,250282.77
8707,250229.38
2967,250075.33
9231,250027.92
9133,250027.92
9232,250027.92
9132,250027.92
2294,249992.14
5690,249956.17
2681,249366.2
9892,249244.95
7421,249153.56
1456,248874.9
3841,248696.22
4730,248276.98
660,248223.66
1340,248051.75
2393,248036.88
7382,248026.64
9692,247904.78
8624,247864.16
7720,247690.62
2744,247682.31
5692,247595.8
7297,247570.52
6241,247422.33
7695,247380.47
659,247185.08
9628,247183.66
6002,247115.67
8203,247082.86
6644,247015.28
2759,246973.86
9233,246954.36
9528,246886.12
5117,246745.92
2382,246702.72
5136,246682.89
9028,246642.5
7313,246390.92
7603,246328.03
9128,246286.47
8335,246240.4
745,246201.48
5994,246194.3
5291,246191.92
3939,246143.62
5137,246008.27
5037,246008.27
5036,246008.27
8710,245916.42
8928,245869.94
8118,245737.75
5336,245698.88
5491,245592.44
5490,245592.44
5691,245592.44
5390,245592.44
5392,245592.44
5391,245592.44
6083,245590.55
7604,245427.77
5492,245398.16
1846,245277.56
3069,245181.17
9719,245070.17
8047,245042.52
6039,245005.88
1600,244881.12
2497,244848.28
1494,244804.16
8397,244646.98
1544,244635.42
7703,244597.86
5592,244452.62
2181,244415.75
6925,244371.16
1396,244256.64
7863,244249.4
2082,244225.31
7609,244201.33
2859,244174.38
8782,244099.47
8964,243978.86
9242,243878.94
5886,243828.61
8809,243743.7
9108,243743.7
8808,243743.7
8807,243743.7
9008,243743.7
8708,243743.7
8909,243743.7
8709,243743.7
8908,243743.7
9007,243733.2
9241,243732.89
7036,243645.5
744,243535.19
8024,243469.97
757,243358.55
3498,243334.19
150,243290.31
2094,243010.42
2564,242894.94
6539,242843.23
7802,242733.42
5314,242469.42
2818,242433.23
2694,242372.06
1364,242286.75
5591,242206.28
8810,242204.95
1994,242171.03
7719,242020.97
9205,241990.64
9723,241923.66
6288,241906.12
1399,241866.44
9693,241825.38
5688,241732.88
8806,241626.3
9207,241339.94
7620,241293.4
7614,241261.48
7860,241211.23
4439,241140.86
9009,241084.9
2194,240758.14
6937,240745.06
8882,240726.66
7502,240684.84
5726,240607.58
8063,240601.92
6897,240570.97
8325,240506.39
7514,240402.08
7107,240197.56
9105,239957.61
6940,239871.67
9104,239802.44
9899,239794.95
2532,239790.17
4422,239715.88
9206,239652.28
2495,239598.78
9002,239595.67
3079,239559.11
9540,239543.06
1587,239535.2
7351,239278.7
6103,239267.22
8781,239244.14
5801,239234.8
2283,239048.9
3782,239034.52
3598,238945.39
3698,238945.39
4435,238868.9
9347,238832.7
9304,238263.64
3027,237985.42
7396,237919.81
6737,237819.14
1567,237734.03
1798,237669.8
2186,237519.58
6141,237507.69
3169,237445.88
5641,237319.72
769,237305.86
8881,237146.61
8018,237042.75
7035,237039.08
7520,236929.16
9792,236817.25
9208,236684.12
760,236599.58
7395,236587.47
3080,236459.55
3684,236329.45
8598,236212.56
8597,236212.56
8498,236212.56
8697,236212.56
8698,236212.56
8497,236212.56
8398,236212.56
7718,236176.83
2658,236155.77
7299,236124.75
3059,235886.34
6537,235750.64
8434,235699.44
3078,235610.44
9993,235609.0
9047,235527.47
7510,235503.77
4235,235362.84
4583,234934.94
3280,234934.3
2252,234930.03
2352,234660.36
1557,234468.11
4384,234395.92
1441,234372.67
4224,234224.72
4321,234138.97
7495,234137.11
1540,234081.34
1658,234058.73
2921,233846.48
9102,233729.22
7820,233677.64
4218,233643.52
2966,233565.38
6728,233482.33
6399,233444.19
2596,233384.2
1558,233377.1
7150,233359.31
3115,233333.97
1339,233291.69
1996,233203.12
8843,233065.89
2394,232782.8
6936,232645.25
8235,232570.56
3987,232516.48
9107,232308.3
9522,232260.12
4534,232097.08
7862,232063.36
9439,231947.5
8883,231945.73
2781,231915.62
8729,231896.23
559,231887.12
4932,231782.62
1457,231745.38
4185,231670.84
4533,231654.83
8910,231470.19
2136,231432.55
6836,231398.9
6797,231267.5
6899,231267.5
6798,231267.5
6799,231267.5
6898,231267.5
7798,230971.73
2927,230897.72
7824,230805.34
6890,230760.1
3840,230612.16
9923,230477.44
5191,230467.08
1443,230437.31
5942,230321.77
8943,230277.72
1981,230277.08
9147,230253.75
4333,230118.12
1357,230099.4
6726,229755.25
6084,229585.64
7033,229459.44
2594,229101.11
6238,228866.52
5622,228538.66
6740,228498.67
8334,228491.86
3683,228436.23
2695,228338.47
5436,228328.44
9841,228310.31
6882,228060.69
3617,228030.0
7803,228017.48
1045,228003.55
4633,227996.3
2922,227922.5
6628,227668.38
2496,227628.36
2295,227628.36
2395,227628.36
2396,227628.36
2595,227628.36
2397,227628.36
2096,227628.36
2095,227628.36
2297,227628.36
2296,227575.58
4086,227536.6
1995,227521.06
2196,227385.75
7375,227337.84
2968,227225.75
5802,227170.28
2195,227105.89
7861,227053.62
3842,226944.88
8947,226897.86
3577,226872.67
8002,226830.39
1398,226829.33
6633,226706.03
7187,226384.14
9115,226372.48
7960,226342.06
7961,226342.06
3269,226289.47
7929,226282.62
9109,226136.45
7415,226081.45
9043,225909.0
3838,225877.1
4538,225743.89
9142,225662.45
4634,225660.1
6003,225515.98
9418,225487.72
2452,225365.56
8254,225365.27
5985,225311.44
4438,225261.88
9316,225241.2
3373,225119.78
8566,224988.48
9341,224937.38
1458,224848.34
5332,224824.17
7408,224774.02
7034,224726.78
8811,224725.62
9999,224660.7
9823,224556.64
7316,224510.78
5696,224328.66
9234,224283.2
6498,224238.55
7496,224218.97
7410,224072.4
6735,223946.83
1541,223909.2
3223,223856.69
6541,223823.36
7451,223765.58
6938,223711.75
9103,223699.23
8814,223689.92
6736,223661.86
9926,223624.56
1300,223517.95
8907,223394.23
9014,223330.95
5887,223236.28
6542,223063.31
6641,223049.9
5624,223038.64
6642,223038.14
452,223013.66
5085,222992.11
2197,222974.19
6488,222947.52
4234,222941.39
2533,222793.02
5182,222724.02
9780,222610.31
2863,222513.31
6942,222482.94
2923,222474.75
6742,222469.8
5940,222443.92
551,222440.0
3399,222437.56
7422,222422.92
8399,222396.36
7409,222368.94
7509,222368.94
7508,222368.94
9215,222368.67
248,222357.36
4135,222344.9
1163,222105.11
3839,222014.73
8944,222013.66
9046,222013.66
8844,222013.66
8945,222013.66
8946,222013.66
8845,222013.66
9045,222013.66
9044,222013.66
8745,221946.5
6316,221885.66
549,221877.0
7003,221809.83
253,221806.7
1882,221791.9
2552,221746.08
5084,221619.98
7677,221533.97
9827,221433.12
2074,221432.19
9146,221209.73
3068,221123.52
9315,221043.33
1492,220935.55
7321,220909.8
7322,220909.8
6734,220746.06
6342,220601.14
7281,220432.33
3123,220342.0
8846,220289.1
7136,220193.61
4334,219957.55
9214,219923.92
6835,219916.58
7779,219870.45
3328,219869.84
8599,219844.92
3228,219841.23
1997,219811.95
3128,219673.02
6442,219641.1
6838,219586.75
3797,219540.0
2137,219451.7
8584,219400.38
8682,219342.06
4732,219215.89
2036,219073.48
9622,218941.58
6743,218855.39
2174,218835.17
2037,218810.69
4035,218526.5
2039,218485.05
1838,218485.05
1837,218485.05
1739,218485.05
1738,218485.05
1737,218485.05
1937,218485.05
1638,218485.05
2139,218485.05
1939,218485.05
1938,218485.05
2038,218485.05
1839,218485.05
2138,218485.05
9918,218462.36
3227,218458.86
5520,218387.55
7702,218284.8
353,218250.38
1887,218218.62
2097,217823.42
1940,217794.1
3141,217753.39
3699,217717.73
6643,217648.81
6443,217641.6
3127,217636.02
3129,217578.38
6538,217546.2
7797,217448.1
550,217446.39
6543,217360.67
2272,217319.77
2273,217319.77
2172,217319.77
2373,217319.77
2173,217319.77
2274,217319.77
5435,217274.3
7475,217242.69
254,216997.28
1559,216786.31
6636,216713.39
5888,216704.5
5083,216666.2
4632,216655.02
8630,216616.75
6999,216558.77
9113,216527.6
9114,216521.42
8767,216486.98
1840,216443.48
9216,216412.62
4275,216291.2
4630,216081.7
8354,215914.44
3460,215827.95
6515,215810.95
8430,215797.8
7498,215726.7
4134,215609.39
9213,215578.0
7599,215557.33
8847,215541.94
7222,215417.52
8880,215398.61
4631,215396.61
7132,215361.36
2250,215183.78
9415,215081.56
8402,214914.45
6086,214859.17
1936,214726.36
3024,214664.67
7595,214658.98
7924,214655.2
7697,214612.16
7381,214600.92
1489,214458.31
6416,214352.89
9314,214266.33
5215,214247.89
2365,214206.03
2498,214124.56
7598,214048.48
9994,213953.34
5434,213815.31
1200,213785.81
6582,213479.61
546,213439.25
1298,213433.77
1297,213433.77
998,213433.77
1198,213433.77
1100,213433.77
1098,213427.17
1299,213422.23
1199,213413.98
3225,213411.3
4683,213391.36
999,213203.53
2978,213194.88
9515,213130.58
1197,212977.81
8812,212974.47
9416,212900.44
9417,212836.19
6837,212822.1
1858,212782.22
7320,212639.9
3040,212628.66
6935,212593.39
6788,212496.64
1488,212406.8
6535,212364.64
8329,212203.81
6581,212150.83
1387,212010.17
1568,211978.22
1637,211911.62
7497,211899.02
945,211895.5
352,211875.6
1487,211797.25
7212,211756.02
1386,211674.47
6741,211635.02
7801,211602.23
6137,211600.98
7398,211554.08
8748,211548.47
7596,211528.48
2762,211483.7
9344,211472.17
3493,211444.31
7499,211412.45
9145,211390.66
3890,211316.75
7420,211313.19
7698,211232.58
7696,211226.73
2547,211169.45
1941,211078.06
3064,211017.98
2963,211017.98
3067,211017.98
2964,211017.98
2965,211017.98
3066,211017.98
3065,211017.98
3063,211017.98
1569,210950.25
3249,210922.03
3270,210861.89
9922,210742.31
3499,210694.6
453,210691.27
6085,210508.48
8256,210491.97
9443,210427.06
6087,210386.77
1059,210376.17
5987,210366.31
5986,210302.22
9620,210197.45
9618,210166.4
9619,210166.4
9621,210141.84
7758,210129.72
9721,210116.38
9003,210046.88
9821,210022.2
9822,210008.77
3936,209962.98
9722,209930.67
6142,209870.97
4784,209810.33
6038,209731.34
3590,209729.97
3791,209729.97
3691,209729.97
3690,209729.97
3491,209729.97
3492,209729.97
3790,209729.97
3593,209729.97
3591,209700.6
7619,209619.47
2073,209610.9
552,209597.58
2862,209581.67
3592,209554.14
451,209389.17
5789,209388.34
4832,209355.28
3692,209347.66
9414,209336.97
9728,209246.36
6037,209227.56
8129,209162.11
1459,209115.77
3693,209096.9
3575,208980.19
5493,208975.61
7597,208823.2
1486,208781.6
6041,208672.6
7519,208505.83
6202,208474.14
3170,208374.73
2449,208324.42
7717,207680.95
3990,207622.1
2351,207395.16
666,207387.2
9518,207357.08
1358,207287.53
6941,207046.7
655,207037.95
8905,207032.34
7032,206947.45
9010,206854.4
354,206793.0
759,206751.89
6341,206649.75
9718,206649.52
2969,206603.61
4789,206497.02
7133,206122.66
5835,206119.52
2563,205923.42
5593,205853.45
446,205773.77
8499,205765.03
6516,205717.67
3798,205614.14
652,205550.3
9413,205454.3
653,205427.25
2372,205398.42
654,205356.75
154,205163.56
455,205147.89
554,205147.89
553,205147.89
355,205147.89
255,205147.89
454,205147.89
1097,204861.89
997,204861.89
4123,204693.75
9144,204689.4
9541,204680.78
1000,204672.86
6441,204644.47
8728,204518.84
7315,204407.55
7215,204407.55
5983,204142.75
1493,203928.14
155,203773.31
7400,203516.78
3599,203276.81
9501,203195.89
9840,203170.72
3891,203139.88
7822,203086.78
2680,203030.9
3178,202981.02
2880,202811.06
9143,202797.77
2879,202778.66
9335,202738.44
6842,202425.77
7879,202231.12
6839,202183.05
3070,202120.97
7476,202108.77
1131,202062.56
3922,202035.92
2679,202021.62
2183,202019.16
1388,201988.12
6733,201986.56
8627,201964.75
9516,201894.31
6840,201877.02
6841,201823.36
1385,201800.06
1024,201758.42
4620,201603.81
1285,201549.52
3784,201450.78
7301,201413.81
46,201322.39
45,201322.39
44,201322.39
6340,201089.22
1974,200900.78
9013,200825.64
9521,200726.8
2718,200706.33
3741,200680.2
9243,200646.6
6825,200365.88
4322,200327.7
7330,200323.64
3473,200318.33
4323,200308.16
9639,200009.03
2085,199989.3
7401,199976.2
9312,199872.95
9313,199848.25
1099,199796.61
2647,199784.58
844,199553.08
2567,199419.22
7399,199369.08
5389,199308.92
7115,199264.08
7314,199253.11
9004,199243.31
7632,199209.62
1659,199170.52
6627,199133.36
8702,199110.77
9112,198982.62
9615,198944.48
4092,198911.34
555,198849.08
8746,198819.77
2780,198776.4
1570,198733.42
2580,198302.72
4119,198242.92
1642,198197.75
743,198176.88
3461,198170.06
8103,198134.22
3561,198107.62
3371,198060.94
2080,197850.53
6339,197704.78
8428,197656.16
3372,197622.55
1945,197406.97
4034,197299.69
2251,197282.22
6699,197281.67
369,197251.98
370,197251.98
5735,197183.0
7216,197119.47
8763,197090.7
5289,197089.83
1615,196869.67
6843,196783.83
8530,196735.48
4790,196598.84
876,196597.47
7962,196546.12
6093,196505.89
2140,196455.0
6990,196414.47
9212,196402.47
3792,196352.05
8429,196221.36
3179,196181.22
5988,196009.12
661,195832.52
3900,195714.53
645,195643.27
8528,195563.19
4434,195556.47
9616,195545.78
8628,195507.5
9617,195483.28
8865,195394.19
6518,195292.88
5534,195164.45
5634,195164.45
5535,195161.75
5635,195160.55
6528,195037.58
5536,195026.1
8529,194994.84
8565,194948.28
8527,194891.44
1345,194877.5
7309,194876.98
2779,194853.53
1836,194838.52
9209,194578.25
2451,194525.5
6924,194399.27
1698,194340.67
3989,194214.14
8525,194155.67
6619,194148.34
6618,194148.34
6519,194148.34
6620,194148.34
6520,194148.34
8629,194139.94
3793,193847.05
6591,193771.03
7500,193746.08
8646,193729.47
7214,193720.95
3049,193554.56
580,193521.67
8425,193500.44
5183,193483.14
1286,193357.28
2265,193339.81
5489,193328.61
7114,193326.58
252,193240.34
2750,193149.98
2350,193132.12
2651,193078.52
2551,193078.52
644,193054.44
1982,192992.72
944,192954.61
3271,192804.1
1041,192703.86
942,192703.86
1042,192703.86
1141,192703.86
3740,192605.75
6690,192464.19
3180,192439.86
1140,192354.52
153,191997.23
6188,191956.36
941,191881.45
943,191751.92
368,191542.3
9244,191506.38
9519,191145.67
270,191017.77
2450,190938.12
1485,190817.67
5836,190804.16
1881,190782.94
4831,190754.11
9311,190593.12
9110,190563.72
764,190551.11
9111,190544.11
9210,190537.16
3149,190517.14
3799,190423.19
2072,190295.7
1359,190278.56
4690,190254.03
5734,190205.64
3400,190140.42
842,190119.69
8780,190091.69
4791,189923.03
7300,189870.38
5393,189822.53
151,189784.3
3077,189773.44
1043,189746.23
4285,189744.83
9818,189626.81
6782,189447.3
4220,189389.64
5623,189305.31
1886,189292.42
742,189250.55
658,189109.84
5589,188829.94
8101,188775.61
7823,188663.7
2374,188581.47
9800,188499.53
7014,188391.42
8225,188360.6
6536,188209.0
1142,188088.0
2915,187999.25
6719,187958.3
2814,187878.14
2813,187855.81
9011,187845.44
8813,187830.38
2970,187796.92
3517,187760.89
9342,187729.3
6242,187703.16
1240,187677.97
1040,187674.7
2914,187641.44
6943,187543.2
8328,187500.3
4100,187458.0
152,187455.08
1700,187317.5
4892,187313.28
4091,187274.44
6720,187265.12
7335,187161.0
3414,187119.98
7631,187114.42
8582,187111.2
8547,187030.42
8548,187030.42
8648,187030.42
2182,187017.95
6934,187011.39
9211,186920.38
8647,186909.78
7528,186892.48
7527,186892.06
5237,186858.67
6908,186830.12
558,186814.23
8747,186794.81
2971,186767.84
3071,186767.84
6834,186741.89
4000,186690.38
3899,186690.38
4190,186422.31
6681,186391.62
6824,186380.34
7630,186168.16
9012,186051.81
3171,186039.05
6833,186021.38
843,186013.1
3072,185881.94
3073,185881.94
2973,185881.94
3074,185881.94
2972,185881.94
3514,185836.58
1639,185795.06
269,185784.27
4090,185768.02
3272,185402.94
2815,185401.69
7878,185365.44
8911,185302.61
8912,185270.11
7628,185268.39
4672,185078.2
3817,184919.95
2796,184914.28
4495,184895.34
3998,184853.52
6682,184824.61
3172,184767.36
6933,184647.69
3273,184625.67
7149,184605.25
6823,184583.05
3075,184547.67
2872,184527.62
4098,184456.83
3997,184456.83
4097,184456.83
3999,184281.02
3173,184256.97
3996,184255.95
665,184235.9
4198,184233.39
4199,184204.06
4731,184104.3
8704,183998.17
4096,183996.11
4099,183913.92
9310,183867.22
7134,183857.81
3174,183812.88
3177,183796.52
2381,183780.42
2434,183726.9
3175,183724.62
3474,183668.84
3377,183665.25
3375,183665.25
3176,183665.25
3277,183665.25
3378,183665.25
3475,183665.25
3476,183665.25
3477,183665.25
3478,183665.25
3276,183665.25
3576,183665.25
3275,183665.25
3376,183665.25
3374,183636.34
3274,183627.77
2040,183571.8
3278,183529.0
3717,183259.69
4292,183183.58
1338,183138.55
8913,183078.14
2962,183044.62
9331,183041.56
3897,183015.4
4792,182637.78
3898,182552.08
6932,182527.5
2845,182438.62
6119,182433.47
2282,182229.88
3600,182068.3
356,182037.16
8001,181549.61
9580,181511.72
9579,181511.72
9680,181511.72
5184,181454.03
3896,181392.22
2827,181374.56
898,181356.69
8902,181336.06
2740,181186.84
3515,181071.3
4022,180902.4
3892,180563.27
6499,180438.77
4197,180316.8
4433,180276.12
1958,180179.56
3616,180172.25
3516,180156.75
6832,179993.89
3615,179953.3
3416,179923.38
3415,179906.44
841,179886.27
8681,179872.47
9900,179692.11
2839,179665.73
4496,179630.62
2939,179394.94
442,179374.33
3716,179368.45
3316,179307.73
2941,179258.02
2940,179258.02
2840,179258.02
2841,179258.02
1571,179182.66
3041,179173.31
2741,179147.67
2942,179133.39
2435,179056.38
7397,178977.62
7627,178964.39
2842,178899.02
2747,178789.62
771,178782.3
3241,178746.55
1044,178674.6
4200,178594.05
3988,178551.3
1471,178212.94
6599,178185.1
8356,178090.22
7352,177756.16
7428,177715.89
1239,177652.97
1139,177605.1
4089,177523.8
3362,177495.8
10000,177456.72
641,177419.89
5138,177330.62
6527,177274.42
4986,177157.89
268,177117.9
9436,176990.8
2742,176881.14
1699,176862.16
7013,176552.83
3783,176464.19
7213,176450.95
441,176402.4
7113,176365.77
7633,176343.19
5984,176343.14
7111,176315.12
8427,176226.4
341,176182.66
168,176172.7
7828,176170.12
541,176162.73
656,176156.8
169,176139.31
741,176077.88
7501,176062.78
638,176037.73
657,176021.86
339,175978.06
439,175965.4
438,175963.8
440,175963.14
538,175955.17
540,175954.56
839,175953.17
838,175953.17
840,175953.17
837,175953.17
740,175953.17
939,175953.17
1237,175953.17
1236,175953.17
738,175953.17
936,175953.17
937,175953.17
938,175953.17
1035,175953.17
1036,175953.17
1037,175953.17
1038,175953.17
1039,175953.17
1136,175953.17
1137,175953.17
1138,175953.17
739,175953.17
1238,175953.17
737,175953.17
1337,175953.17
640,175953.17
539,175953.17
639,175953.17
9517,175707.58
3543,175664.1
836,175621.95
542,175547.7
4692,175438.4
736,175338.06
8802,175206.66
1235,175204.11
2974,175173.94
6440,175158.14
1336,175148.8
6439,175091.62
3076,175019.72
5188,174997.94
935,174890.58
3894,174796.5
3992,174767.12
4193,174765.17
4793,174586.6
4519,174340.5
1341,174057.45
544,173997.94
6588,173934.67
6688,173927.64
537,173891.98
6689,173889.78
3500,173655.05
5429,173631.48
7728,173491.17
456,173294.14
1134,173252.72
8805,172828.36
5628,172752.88
6500,172665.22
9739,172654.7
7615,172561.97
7515,172561.97
7616,172561.97
7716,172504.08
68,172437.27
1491,172340.11
664,172314.25
4189,172181.08
7088,172037.86
3259,171985.44
6438,171936.39
4394,171862.4
3800,171711.58
2873,171692.55
6732,171682.6
9502,171633.88
8029,171616.3
7308,171409.81
9479,171076.89
4693,171013.77
7601,170899.6
2943,170774.84
1160,170774.61
7200,170724.3
4987,170442.9
4196,170341.48
3341,170319.83
2812,170277.84
2466,170237.11
897,170202.4
1914,170011.48
1135,170010.39
2870,169896.88
2774,169895.72
2959,169831.08
560,169811.34
6789,169730.12
3895,169688.94
338,169629.52
8803,169518.39
1034,169466.95
8202,169429.81
4191,169399.33
556,169346.4
7135,169326.75
2819,169318.14
9412,169182.11
566,169060.02
1980,168999.83
1973,168642.27
557,168569.89
2579,168559.52
1645,168481.1
3700,168449.45
4095,168405.95
5742,168372.05
1442,168350.78
4273,168306.69
4293,168184.39
4818,167950.88
1143,167927.64
4192,167903.53
2463,167812.48
5397,167800.06
4691,167713.61
8766,167608.12
3994,167496.17
6415,167452.42
2871,167386.16
5638,167371.62
457,167047.12
4094,167038.14
2464,166842.25
4392,166752.3
4194,166714.95
8703,166692.4
4195,166501.95
2822,166419.06
1736,166377.5
642,166372.7
2913,166348.73
5197,166278.8
4999,166220.6
4291,166195.7
4298,166181.2
2363,166164.7
2465,166164.7
2364,166164.7
5283,166162.48
4299,166129.77
6615,166066.8
2263,165975.02
4318,165961.31
6420,165895.08
4391,165832.95
5331,165694.27
2262,165663.58
6532,165653.36
2519,165543.86
2843,165255.05
371,165246.36
4021,165217.45
7112,165061.83
5594,165039.55
3995,164973.78
4296,164936.8
4598,164930.36
2550,164835.34
4491,164777.05
340,164743.88
8326,164654.52
5214,164300.27
256,164211.62
7233,164174.03
637,164155.39
5936,164135.77
4498,164106.78
6434,164075.16
4592,164060.44
940,163995.75
7207,163936.14
4591,163932.89
4020,163829.64
4497,163770.19
4297,163770.19
4397,163770.19
4398,163770.19
4396,163769.22
4120,163697.17
7232,163694.44
2619,163663.14
8765,163655.55
8355,163477.95
8255,163477.95
5941,163463.67
4399,163376.83
2714,163323.8
7221,163258.17
6708,163226.72
4290,163086.48
2719,163044.77
4295,163015.94
6729,162984.14
1438,162941.1
2821,162900.86
2721,162900.86
2820,162900.86
2621,162900.86
2520,162900.86
2521,162900.86
2722,162900.86
2720,162900.86
2420,162900.86
2622,162900.86
2620,162900.86
6808,162858.84
170,162827.83
2421,162700.45
2715,162583.56
4393,162564.83
2264,162533.17
5538,162143.56
6600,162079.1
4093,162043.89
6521,161997.08
4221,161918.94
342,161847.7
835,161842.6
4395,161829.55
470,161797.19
7825,161729.38
7210,161711.88
7234,161585.25
7727,161340.14
2522,161045.56
8102,160802.55
2849,160504.62
2016,160489.11
7963,160217.23
8903,160210.12
4222,160171.02
7235,160140.95
5494,159786.56
437,159659.08
7031,159624.73
3618,159417.9
271,159308.88
2678,159290.08
1241,159134.38
4385,159015.75
543,158967.75
2924,158789.8
7827,158701.38
6338,158555.47
6913,158520.78
467,158387.98
1437,158380.02
4590,158333.67
466,158230.34
4300,158006.19
2165,157982.92
2166,157981.83
2662,157909.98
5633,157716.08
5533,157714.73
4121,157656.0
1715,157505.4
7220,157367.66
2713,157366.33
5086,157334.19
4223,157278.56
7778,157242.5
2618,157205.05
4122,157089.34
5723,157082.6
2975,157016.97
2778,156867.48
3014,156772.45
1975,156661.22
3918,156660.6
2878,156609.94
5902,156607.97
8904,156594.1
4887,156210.44
1743,155989.36
5497,155937.2
565,155858.52
2356,155764.31
2743,155710.62
367,155684.53
2874,155655.83
8501,155192.61
2844,155191.3
6491,155169.67
6391,155168.31
2087,155083.75
2086,155083.75
1987,155083.75
1986,155083.75
2976,155016.22
8302,154910.67
2977,154822.94
1916,154772.06
6621,154450.44
6490,154450.22
8804,154383.05
5433,154369.38
5597,154324.64
2335,154308.62
2167,154127.03
3062,154110.22
2157,154108.83
6929,154098.34
2777,154045.17
156,153961.83
2805,153602.75
5595,153579.83
5296,153508.33
7334,153469.89
5596,153453.23
5495,153453.23
5496,153453.23
5395,153453.23
6390,153450.72
5396,153388.86
6800,153298.75
4294,153239.02
6632,153116.62
469,153073.62
9912,153071.08
3159,153038.94
6904,152955.5
2776,152905.53
3445,152894.75
7629,152869.95
7008,152740.9
9514,152694.75
6088,152545.83
4088,152477.3
2419,152473.62
4788,152373.7
458,152367.14
4492,152304.8
7108,152254.64
1538,152195.16
2875,151994.98
2876,151953.95
2677,151833.64
6718,151400.73
241,151325.16
2949,151305.19
5992,151153.17
167,151085.03
2650,150901.75
871,150895.0
545,150776.1
267,150744.42
9332,150709.22
1782,150671.19
5394,150630.44
9429,150539.28
1978,150418.03
1271,150116.73
8581,150070.81
8526,150017.81
1979,149995.98
6421,149984.48
2877,149981.84
861,149937.62
1880,149900.05
4418,149759.98
4976,149729.53
3519,149505.89
5087,149501.9
3413,149404.42
7776,149260.45
8666,149218.58
4597,149008.81
8665,148987.52
3893,148969.83
6320,148934.73
6221,148934.73
6322,148934.73
6321,148934.73
2362,148916.73
5537,148909.77
1145,148873.4
6589,148691.95
4087,148625.34
2775,148553.42
2206,148464.44
6900,148447.19
9306,148412.67
9513,147925.17
2320,147780.94
4694,147739.4
3991,147690.78
6389,147611.4
9343,147499.75
2604,147458.02
5295,147457.3
2605,147395.5
2704,147339.06
1162,147264.9
1161,147264.9
962,147264.9
1740,147216.88
5000,147198.61
9442,147103.7
2235,147059.61
2135,147013.7
2306,146996.14
7219,146845.64
5516,146770.8
2305,146690.77
2706,146624.38
2506,146624.38
2607,146624.38
2405,146624.38
2606,146624.38
2505,146603.86
1062,146552.69
2406,146535.3
7333,146509.36
4484,146399.5
1242,146266.25
636,146067.5
2205,145924.16
2727,145916.11
445,145774.7
1977,145762.98
357,145753.86
4594,145743.97
4390,145675.03
2626,145574.47
1384,145482.23
5825,145478.17
976,145468.06
8664,145408.73
6590,145284.45
2507,145276.86
1144,145257.33
7777,145233.2
2726,145215.62
5937,145209.72
934,145084.61
2207,145069.83
2307,145044.3
971,144804.33
8201,144759.69
7208,144700.47
2424,144569.83
6923,144463.55
2480,144463.33
2504,144453.78
1565,144446.52
7434,144323.16
1879,144221.97
1061,144194.1
9307,144160.56
7452,144071.52
6220,144067.06
2707,144039.83
6988,143671.45
7009,143628.73
2525,143575.08
5483,143521.83
7217,143476.73
7015,143068.4
7116,143066.4
9309,143043.9
4689,143039.02
8680,142945.58
6301,142909.64
8579,142830.03
3718,142690.48
1875,142333.64
1772,142324.9
2334,142307.88
2823,142283.12
6422,142272.58
7209,142217.84
3042,142164.94
2079,142050.47
1344,141992.28
7110,141989.8
7109,141989.8
5292,141909.31
3247,141786.89
3248,141786.89
3315,141625.84
1878,141564.84
2134,141535.4
443,141513.75
2804,141503.7
240,141394.2
3441,141392.1
1537,141356.42
4493,141349.78
2078,141348.19
5904,141190.78
5893,141165.33
9813,141150.33
69,141099.33
2846,141062.11
2107,141027.88
1245,140992.9
2281,140989.72
1343,140957.73
1342,140957.73
1243,140957.73
1244,140946.9
1872,140875.95
3513,140814.12
862,140574.03
8301,140551.2
1871,140501.53
345,140371.12
2035,140310.02
7100,140031.08
1877,139998.38
1669,139914.39
1640,139850.66
43,139849.33
4499,139826.61
2066,139721.75
7928,139685.62
2508,139669.44
2826,139595.5
1674,139544.77
2234,139504.72
6203,139388.38
1673,139388.0
7011,139365.42
9717,139352.6
8580,139090.6
2806,139079.45
961,139078.66
3715,138978.84
7218,138965.42
2905,138909.25
1759,138903.77
4596,138813.34
1876,138798.2
3818,138775.27
1672,138768.25
7012,138758.12
7433,138733.6
8228,138718.77
3816,138671.14
145,138582.11
4886,138544.39
4019,138491.6
1971,138431.19
2423,138401.92
9927,138313.69
5098,138283.95
1675,138255.14
1775,138255.14
1773,137885.95
4494,137874.05
7534,137843.3
2407,137820.06
366,137591.53
1771,137439.83
6216,137169.06
7533,137138.14
8127,137100.31
8126,137098.31
2075,137096.25
7821,137024.22
8128,137009.27
8028,136989.86
8027,136930.62
8778,136875.22
7117,136775.2
67,136705.95
4595,136695.44
3822,136636.98
643,136394.72
9941,136387.97
1677,136369.5
1576,136369.5
1477,136369.5
1676,136369.5
1578,136369.5
1577,136369.5
1776,136369.5
1678,136369.5
1777,136336.12
5724,136219.11
1844,136128.34
4490,136108.31
2462,136096.97
7010,136089.78
1779,136070.7
1778,135996.03
1780,135961.95
6805,135879.3
4593,135844.14
1573,135664.72
3162,135614.22
3360,135339.31
7927,135331.75
3614,135304.81
8226,135268.86
166,135243.64
266,135166.84
265,135166.84
365,135166.84
1774,135143.5
8227,135141.25
8679,135087.1
6036,135084.89
3921,135057.17
6723,134939.81
4576,134936.64
1060,134929.78
2608,134925.61
465,134728.81
567,134658.53
3146,134640.94
3148,134640.88
2945,134640.88
2946,134640.88
2947,134640.88
2948,134640.88
3147,134640.88
3048,134640.88
3046,134640.88
3047,134640.88
2847,134634.22
2848,134567.25
564,134485.69
1679,134464.6
6724,134450.28
1670,134437.44
1543,134403.83
9830,134220.06
2705,134213.88
4808,134152.23
7332,134147.75
2408,134139.61
5702,133834.7
1476,133736.78
1572,133445.0
1671,133440.58
2556,133388.48
1474,133289.47
9539,133259.53
6092,133102.2
9932,133082.97
6118,133079.72
3993,133025.44
5840,133019.55
1371,132939.17
1542,132897.83
3722,132842.92
2749,132739.84
1643,132727.67
1644,132703.39
1745,132700.92
1845,132693.11
1744,132693.11
4187,132673.55
2164,132580.14
2308,132577.22
372,132453.7
9931,132319.06
1970,132215.69
1870,132187.84
9933,132037.62
8864,131927.72
4612,131894.52
4313,131894.52
4312,131894.52
4511,131894.52
4513,131894.52
5903,131851.81
4411,131823.3
4512,131817.56
4311,131803.08
4611,131714.4
4711,131712.86
4412,131663.66
4413,131663.66
1976,131497.02
4707,131432.0
471,131363.19
9930,131333.8
9928,131289.22
9929,131289.22
6136,131211.08
2473,131191.61
1579,131112.05
1770,131065.555
4710,130976.83
8327,130859.914
1574,130781.555
2171,130762.7
4410,130757.34
2748,130747.695
4188,130666.14
2175,130657.484
2067,130552.95
2208,130448.5
2807,130386.586
1575,130349.266
2648,130263.61
2649,130263.61
2548,130263.61
2549,130263.61
4118,130031.52
2708,129954.65
6700,129940.58
1969,129934.15
1967,129934.15
2068,129934.15
1968,129934.15
1869,129934.15
1868,129934.15
1767,129925.805
1867,129912.875
1769,129904.53
2275,129882.04
6437,129866.5
468,129865.87
1667,129853.67
4510,129843.66
4809,129770.664
1768,129726.43
2070,129583.01
6004,129553.54
165,129546.12
2069,129541.66
9629,129337.53
4186,129219.35
863,129094.49
1972,128846.98
5584,128793.85
6489,128734.516
9911,128707.64
899,128635.32
9831,128611.95
1484,128380.16
9934,128265.18
2509,128182.87
3361,128129.84
2808,128103.914
6112,127950.49
6212,127844.56
4708,127792.56
2709,127644.3
2071,127642.95
2773,127563.65
7201,127538.875
6721,127530.51
6309,127367.82
464,127002.09
8026,126989.58
6514,126971.76
667,126886.1
2926,126878.836
2472,126806.76
5176,126788.86
6302,126773.37
1915,126657.97
1815,126657.97
6909,126402.03
3262,126264.84
2058,126230.38
9829,126219.21
3246,126172.086
6310,126038.66
55,126017.17
1478,125762.78
1668,125757.64
66,125731.45
2609,125716.14
2267,125679.53
4414,125524.77
3124,125524.22
2907,125434.81
2121,125237.47
6517,125166.3
5075,125151.56
6237,125133.5
7000,125064.26
1866,125013.87
1766,125013.87
1966,125013.87
6910,124943.46
1666,124869.97
4509,124762.27
1473,124703.85
6409,124674.19
3045,124595.23
1263,124493.266
2625,124389.73
7532,124375.234
2108,124288.13
735,124281.93
9729,124130.64
171,124112.04
65,124087.59
4310,124003.945
5790,123830.98
6629,123768.59
1781,123756.0
174,123731.93
7826,123694.81
272,123653.9
8779,123635.836
1372,123592.664
50,123587.914
4314,123539.88
9736,123461.17
9503,123416.734
6236,123373.3
1472,123257.3
570,123206.82
6222,123187.01
6312,123168.375
668,123126.33
8700,122981.91
5841,122944.79
7118,122923.23
9828,122796.195
6135,122736.12
2523,122735.29
275,122623.414
378,122623.414
78,122623.414
279,122623.414
79,122623.414
276,122623.414
274,122623.414
374,122623.414
77,122623.414
375,122623.414
177,122623.414
178,122623.414
75,122623.414
175,122623.414
176,122623.414
179,122623.414
76,122623.414
278,122623.414
273,122623.36
376,122617.0
373,122609.5
1287,122587.01
74,122575.516
173,122558.12
172,122514.805
1373,122432.42
7925,122385.7
4489,122320.95
6012,122312.38
2906,122284.69
9430,122246.984
4485,122238.79
9614,122071.19
379,122012.11
4288,122002.44
2014,122000.91
73,121999.03
6311,121972.46
6509,121947.19
2912,121783.05
3821,121781.35
6235,121764.88
9529,121551.83
4389,121521.57
960,121439.41
3920,121397.13
4289,121376.53
1874,121368.76
2411,121267.78
9636,121121.49
277,121114.87
300,121089.81
4488,121069.9
98,121044.445
4787,121036.51
1272,121020.5
299,121005.52
200,120998.43
94,120997.58
97,120997.58
296,120997.58
96,120997.58
95,120997.58
298,120997.58
297,120997.58
99,120997.58
195,120997.58
197,120997.58
199,120997.58
198,120997.58
196,120997.58
100,120992.97
9333,120815.69
4409,120782.484
5842,120759.65
568,120681.625
1873,120632.305
2077,120527.266
2034,120459.914
7432,120444.42
4386,120430.56
1436,120327.664
3125,120163.914
4810,120129.05
4589,120057.016
4388,120046.055
2110,120026.19
1912,120026.19
2012,120026.19
2212,120026.19
2010,120026.19
5116,120005.16
6208,119911.23
6435,119908.37
2013,119884.914
4487,119754.266
9915,119741.36
569,119715.9
2811,119710.1
9730,119709.805
6989,119636.85
3126,119632.98
6614,119617.42
2112,119579.04
1383,119474.89
2111,119429.01
4387,119396.89
4514,119360.23
2211,119222.22
397,119192.07
712,119111.87
7926,118972.14
396,118944.125
2009,118875.15
2676,118848.45
2518,118739.97
2772,118727.414
2011,118662.43
2944,118588.055
6408,118557.05
2627,118516.55
7529,118343.27
6608,118245.94
6911,118241.516
9938,118206.234
2712,118111.83
6207,118101.984
6508,118101.984
6206,118101.984
6308,118101.984
6307,118101.984
2526,118052.23
2109,118045.836
6306,118029.516
2511,117942.47
144,117841.88
1374,117794.14
4287,117518.336
4286,117518.336
5196,117514.875
1376,117489.375
5791,117380.52
6410,117376.805
7331,117376.234
2312,117369.0
9832,117345.24
180,117326.81
2524,117287.945
5912,117225.195
5383,117188.73
6407,117101.61
1814,116983.8
1483,116944.695
5733,116932.31
996,116906.61
4807,116901.49
1680,116899.875
2180,116899.6
2409,116849.67
4610,116819.625
1234,116806.82
860,116737.77
1911,116532.766
7016,116417.12
2404,116409.3
5187,116387.41
4486,116373.17
2210,116363.266
474,116192.99
2398,116107.88
4613,116080.44
6436,116066.95
6337,116062.29
6336,116062.29
6211,116003.586
54,115980.53
9431,115976.09
5076,115954.01
6334,115864.3
398,115769.17
561,115754.64
6725,115636.15
444,115564.78
2113,115517.516
2510,115463.88
6335,115456.89
3224,115445.67
2310,115434.05
4909,115291.98
3721,115170.08
3712,115064.32
2311,115048.14
8025,115036.29
2422,115027.75
2209,114974.0
9435,114937.71
6411,114863.99
2703,114760.28
2309,114706.71
9432,114611.625
9532,114584.54
9732,114581.71
9630,114581.71
9632,114581.71
9633,114581.71
9533,114581.71
9530,114581.71
9733,114581.71
9834,114581.71
9833,114581.71
9731,114581.71
9734,114581.71
9531,114580.48
9334,114578.31
9631,114578.31
9433,114567.836
9634,114564.88
9434,114564.78
9635,114555.375
9735,114550.56
9534,114538.03
4712,114411.84
475,114368.445
6111,114295.57
2710,114180.45
5185,114111.76
6209,114091.89
2015,114001.805
1395,113955.42
6829,113762.195
2809,113550.375
3557,113503.0
6507,113439.66
364,113412.945
781,113339.35
762,113313.94
5792,113292.53
2723,113045.24
1475,113041.11
5430,113038.62
7122,112901.05
859,112623.414
5213,112465.45
1464,112362.586
3820,112339.94
3619,112286.57
4975,112285.82
1898,112234.76
782,112169.9
4515,112115.63
2163,112103.08
4117,112101.93
6425,112092.3
4616,112031.6
6210,112030.12
4516,112020.07
4619,112019.625
4719,112019.625
4618,112019.625
4617,112019.625
4718,112019.625
4417,112019.625
4217,112019.625
4517,112019.625
4416,112019.625
4415,112019.625
4315,112019.625
4316,112019.625
4317,112019.625
4216,112019.625
4518,112019.625
4588,111999.02
4688,111990.12
1261,111843.805
2629,111806.41
4717,111642.414
9535,111617.6
8879,111528.1
4685,111459.8
4684,111459.8
4686,111459.8
4786,111459.8
4785,111459.8
4687,111459.8
4586,111459.8
4587,111459.8
4584,111459.8
4585,111459.8
8125,111166.516
5621,111144.69
295,110975.01
2771,110748.44
6017,110571.305
3114,110552.94
536,110368.47
6117,110256.39
2168,110145.17
80,110143.06
2961,110141.414
1382,110098.9
2319,110097.83
4211,110073.31
1913,110032.414
6011,109996.33
6423,109978.016
9538,109965.01
6622,109956.09
2412,109951.56
6914,109916.625
6522,109771.555
4116,109675.33
2410,109651.03
479,109626.69
343,109578.63
3641,109370.25
2213,109137.44
959,109083.88
473,109015.31
476,108972.25
2861,108958.05
4709,108859.484
5812,108804.64
6406,108656.43
6424,108628.27
9308,108555.21
882,108533.25
2725,108513.49
3521,108397.32
242,108265.1
6234,108257.85
883,108234.86
5917,108217.82
2162,108171.555
4400,108164.55
6018,108151.8
1072,108081.94
56,107975.49
4017,107903.54
6205,107833.734
3621,107833.01
3720,107796.414
3819,107780.82
3520,107780.82
3719,107780.82
3620,107780.82
1813,107755.79
2770,107714.38
6109,107711.36
5585,107698.48
6412,107640.93
2133,107612.79
52,107600.56
6524,107592.664
763,107561.414
7429,107458.22
6010,107452.766
5911,107444.58
5910,107444.58
4215,107404.39
5811,107393.57
5823,107367.15
6523,107345.4
669,107330.445
6110,107109.3
8426,107030.43
5711,107005.34
2321,106830.75
5813,106807.21
5916,106774.734
2925,106765.75
6525,106726.5
7531,106713.42
7430,106711.9
7530,106711.9
7431,106711.9
2610,106530.84
8400,106468.17
6526,106435.82
9536,106313.16
6625,106213.914
6624,106213.914
6626,106213.914
3008,106197.41
6623,106158.67
6192,106143.83
1262,106014.164
3061,105956.875
2623,105809.46
72,105715.52
6889,105458.055
9812,105344.945
2624,105275.88
5017,105114.266
9637,105002.4
2810,104897.68
5588,104826.41
280,104790.01
337,104710.21
472,104685.86
571,104557.13
2512,104446.64
4305,104390.53
2479,104295.88
2724,104231.97
5484,104217.12
9835,104184.766
6609,104164.78
2825,104116.05
51,104067.58
2418,104011.66
5712,103865.055
6912,103852.6
53,103821.21
478,103620.055
3060,103581.63
3261,103575.39
3260,103575.39
3160,103575.39
3161,103575.39
4508,103498.56
1273,103488.81
239,103378.31
4205,103360.414
5438,103162.164
2612,103101.555
1375,103026.84
2562,102831.13
1377,102741.055
9411,102730.484
2271,102604.5
3919,102550.57
1859,102464.695
7119,102425.76
1335,102227.01
1076,102204.34
6426,102169.95
2611,102136.34
2711,102069.24
9305,102028.99
2578,101969.21
1173,101943.25
2233,101886.836
6722,101790.09
4105,101741.42
1816,101729.77
1812,101704.05
2313,101669.984
1490,101658.64
399,101625.055
670,101606.16
4706,101546.305
6709,101477.914
4306,101373.56
6315,101349.64
5195,101317.78
1174,101284.695
4206,101247.375
2824,101131.555
4407,101053.36
4204,101024.55
477,101016.73
1714,101013.84
4893,101007.01
1172,100926.06
5722,100906.74
5816,100778.74
4309,100566.85
6822,100418.26
5485,100389.914
4106,100219.87
6915,99953.84
2617,99946.414
2909,99945.64
4018,99877.2
5701,99809.95
2414,99673.586
6510,99659.55
5587,99631.81
2008,99610.805
6918,99584.445
6817,99584.445
6917,99584.445
6916,99584.445
4005,99483.03
6818,99437.32
2615,99336.26
2960,99317.266
344,99300.26
4210,99294.58
2218,99237.984
2318,99216.086
2115,99216.086
2315,99216.086
2216,99216.086
2116,99216.086
2316,99216.086
2317,99216.086
2314,99216.086
2416,99216.086
2215,99216.086
2214,99216.086
2017,99216.086
2516,99202.39
2417,99104.54
2114,99094.44
2517,99086.82
4104,99003.55
4504,98895.086
4505,98895.086
3807,98895.086
3707,98895.086
4304,98895.086
4405,98895.086
4404,98895.086
3806,98895.086
3808,98890.05
4605,98861.09
3906,98792.984
3708,98791.73
4107,98770.08
3908,98764.98
4109,98756.27
2217,98755.25
3905,98707.98
6816,98699.305
9537,98694.19
3907,98607.97
4108,98600.62
4209,98544.79
4408,98500.24
6819,98498.5
5741,98497.62
677,98399.82
4008,98398.31
2616,98335.67
2119,98266.32
7018,98237.85
2513,98234.234
4007,98112.99
70,98104.19
380,98102.38
4773,98069.09
578,98030.27
1275,97990.7
4203,97936.54
2515,97901.05
1274,97810.48
1175,97796.38
4606,97774.76
1910,97702.66
577,97663.555
3909,97663.19
4208,97627.805
4308,97616.52
2415,97580.8
4006,97554.94
4307,97554.0
6009,97517.164
6016,97399.57
6106,97366.71
6809,97350.59
576,97297.53
3145,97277.31
2018,97250.75
4406,97178.09
264,97163.69
4375,97119.42
6919,97090.33
4110,97063.586
579,96923.375
9935,96904.65
2425,96894.02
7017,96870.625
2118,96853.016
2106,96719.83
1580,96597.39
4009,96572.64
2613,96570.8
1482,96553.02
2219,96473.35
2904,96438.766
3025,96423.37
1389,96276.66
4303,96171.38
7002,96164.72
6104,96161.21
4506,96074.38
4212,95985.21
5827,95960.91
5828,95924.555
459,95851.29
1539,95844.47
5288,95830.65
8401,95826.95
5824,95821.445
8500,95815.82
8600,95805.875
2529,95786.88
5803,95686.836
896,95674.04
6710,95619.91
678,95586.58
4599,95514.164
5586,95483.1
3006,95430.516
4207,95358.125
5727,95290.33
4274,95236.41
6289,95196.24
5918,95174.42
3410,95094.96
6120,94967.97
2514,94923.91
305,94904.64
1074,94897.98
6607,94848.45
5294,94826.17
2375,94807.62
9404,94738.375
461,94729.4
5928,94727.56
6105,94478.195
304,94462.945
975,94436.23
3706,94434.55
460,94422.63
245,94368.65
306,94357.664
5913,94107.73
2614,94075.88
2413,94017.59
307,93933.88
4608,93918.72
572,93909.586
2380,93890.164
2478,93850.266
2280,93791.26
2379,93791.26
308,93790.8
205,93772.85
203,93769.04
8,93768.33
3,93768.33
207,93768.33
206,93768.33
6,93768.33
209,93768.33
208,93768.33
7,93768.33
9,93768.33
309,93768.33
204,93768.33
104,93768.33
109,93768.33
108,93768.33
106,93768.33
105,93768.33
107,93768.33
103,93768.33
2278,93763.1
3805,93692.14
3007,93683.414
2178,93671.92
2279,93666.42
671,93666.13
6116,93621.68
2179,93608.27
201,93525.56
4604,93372.555
2,93368.39
3809,93351.945
101,93173.62
1,92992.664
194,92898.4
2571,92876.445
5487,92832.31
5101,92814.01
1073,92776.23
1284,92719.71
4812,92690.63
1627,92673.17
4004,92581.78
2378,92434.57
71,92244.234
6108,92134.945
1460,92120.47
3409,92114.91
6113,91984.695
303,91941.414
4,91904.38
7120,91816.47
776,91815.62
3314,91665.46
5488,91626.195
3608,91482.58
2910,91458.92
6107,91403.055
3043,91345.81
8764,91182.41
143,91121.35
5728,90908.16
3211,90828.52
244,90580.625
142,90580.625
6305,90501.78
1360,90410.47
6512,90381.516
5384,90319.92
58,90094.82
9839,90061.14
202,90037.266
5601,89985.32
5502,89985.32
5501,89985.32
5602,89985.32
5402,89985.32
5486,89879.85
7001,89860.27
6019,89794.56
1033,89764.54
2117,89653.73
4475,89577.945
5186,89577.914
5387,89568.805
5286,89568.805
6704,89551.914
5993,89535.7
4615,89524.375
6903,89520.22
6804,89520.22
6803,89520.22
6703,89496.35
6902,89482.91
3310,89452.13
5386,89431.695
5385,89415.23
783,89386.09
4716,89370.95
302,89286.46
6820,89282.44
9913,89267.46
6414,89158.94
2911,89056.445
2277,89034.13
4817,89016.32
2669,88968.26
9737,88920.38
5889,88917.125
3215,88862.36
2430,88859.16
563,88760.56
57,88677.85
2908,88581.63
3309,88560.27
3010,88555.24
3011,88555.24
3210,88555.24
3009,88555.24
3209,88555.24
3308,88555.24
3108,88555.24
3109,88555.24
3208,88555.24
3107,88555.24
3110,88555.24
3111,88551.52
6802,88545.72
5817,88361.016
360,88360.02
158,88349.45
983,88340.195
3012,88326.09
2177,88309.17
3214,88295.11
3408,88289.34
3112,88269.69
676,88190.6
2433,88137.85
6333,88127.91
42,88116.62
5287,88099.1
1479,88090.98
7019,88082.95
5529,88080.86
3213,88028.11
4373,87997.125
931,87951.56
4908,87820.78
310,87819.0
575,87763.09
141,87677.6
663,87655.38
6815,87652.086
3113,87622.555
3512,87557.34
3212,87514.84
3013,87486.37
1581,87481.21
5201,87456.6
6013,87447.11
7101,87401.375
9738,87375.516
9939,87375.516
9940,87375.516
9838,87375.516
881,87340.39
2304,87317.336
2261,87224.37
2161,87205.016
3207,87064.125
5810,86999.32
462,86980.29
9837,86905.31
5927,86820.61
1391,86638.54
358,86571.14
1681,86509.65
1283,86476.766
933,86460.32
4713,86345.92
2220,86316.56
5829,86256.234
681,86160.984
3542,86087.95
243,86085.586
5826,85923.69
2176,85903.234
1363,85874.3
4698,85848.74
5890,85807.734
1959,85803.7
9914,85761.164
5891,85720.16
1392,85718.94
1811,85697.98
573,85697.93
1291,85668.21
4609,85650.94
5014,85650.94
6213,85532.51
361,85443.02
1390,85399.48
400,85372.734
5401,85364.88
59,85229.42
1096,85169.555
1909,85112.336
6511,85095.52
6705,85015.34
662,84939.75
1292,84927.195
4813,84852.44
6506,84793.81
4403,84787.99
1582,84782.75
1434,84659.195
1276,84654.79
6930,84650.57
2333,84621.64
6529,84582.83
6035,84388.28
1682,84377.664
5432,84358.99
5830,84284.21
4500,84142.05
4917,84139.734
4103,84127.62
5302,84097.24
5388,83987.97
4607,83869.54
5611,83768.12
4673,83695.47
834,83677.4
102,83665.58
5,83630.695
7701,83602.53
6920,83529.625
5016,83514.63
6830,83486.336
6931,83486.0
674,83456.91
772,83456.91
773,83456.91
774,83456.91
775,83456.91
675,83456.91
974,83456.91
874,83456.91
875,83456.91
873,83456.91
973,83456.91
672,83456.91
673,83456.91
872,83456.91
972,83436.305
1636,83426.82
463,83346.12
4913,83328.79
562,83269.586
574,83240.625
4600,83156.17
4800,83155.08
4700,83133.195
4900,83130.555
4699,83107.46
4910,83086.086
5530,83003.086
5531,83003.086
5731,83003.086
5532,83003.086
5630,83003.086
5631,83003.086
5632,83003.086
5629,83003.08
5730,83002.81
5729,83002.71
2076,82980.45
5211,82934.38
5013,82881.08
5113,82865.53
41,82846.81
1713,82836.12
5431,82720.69
1393,82708.69
2377,82666.77
5915,82655.7
64,82645.97
5111,82643.516
4794,82598.05
9836,82558.86
5301,82473.88
2169,82458.03
301,82411.25
6821,82324.516
6313,82235.54
4705,82207.03
1282,82071.77
33,82038.78
258,82021.58
4799,81882.45
6204,81869.914
4695,81815.91
6513,81775.48
480,81724.01
3607,81686.18
5989,81676.46
6604,81665.19
157,81521.64
359,81299.23
795,81250.81
895,81249.52
777,81228.88
6606,81150.48
6304,81137.3
6404,81127.44
6605,81127.44
6503,81127.44
6504,81127.44
6505,81127.44
2170,81044.56
1196,81010.81
9601,81003.7
9638,80974.49
900,80881.5
6831,80842.49
2065,80799.26
6303,80787.766
6413,80732.97
5114,80634.195
2675,80588.914
7121,80579.016
6403,80544.16
683,80528.16
1481,80517.54
4507,80474.27
406,80425.59
1935,80344.125
5738,80291.83
5935,80290.62
2659,80169.1
6405,80154.914
6901,80130.984
6215,80062.92
584,80037.14
1712,80030.37
1810,80030.37
5939,80017.0
1710,80001.695
2603,79940.72
4914,79863.97
257,79720.695
5112,79672.08
4899,79622.12
6717,79547.38
5834,79396.32
3411,79361.05
2276,79226.38
4614,79224.016
6603,79061.13
362,78980.87
1183,78840.21
4697,78732.86
4696,78732.86
3313,78533.13
6015,78509.75
484,78399.99
1184,78334.97
1280,78197.33
6115,78187.63
5920,78127.734
3541,78082.64
260,77994.836
159,77989.99
160,77908.555
6134,77826.36
682,77820.27
259,77774.0
6612,77770.06
5929,77746.46
1182,77603.84
4912,77496.21
5892,77433.57
385,77183.23
4714,77102.836
4814,77102.836
2761,77084.08
4916,77050.35
6921,77048.8
5285,76945.38
583,76935.08
407,76868.34
6014,76848.1
261,76724.086
2371,76602.836
5115,76546.664
7021,76374.25
1083,76340.92
60,76316.5
831,76255.72
6114,76220.82
1281,76200.46
5097,76152.35
982,76108.24
3106,76080.6
6810,76044.52
2060,76028.664
2019,76026.734
7022,75904.49
6005,75882.95
4010,75691.15
9817,75657.24
6922,75608.93
1809,75578.56
6812,75545.24
4213,75527.91
9937,75464.695
5926,75463.234
5732,75370.234
34,75300.41
2568,75248.47
32,75161.88
4715,75161.86
4815,75161.86
4816,75161.86
6214,75141.24
1192,75067.05
2059,75060.234
1082,74965.13
6811,74956.54
634,74948.59
1181,74899.61
1917,74882.77
1277,74864.49
1278,74864.49
1081,74864.49
981,74864.49
1279,74864.49
1179,74864.49
1180,74864.49
1080,74864.086
4915,74861.445
1178,74840.5
1079,74815.92
6402,74805.65
3412,74745.4
5096,74597.43
4896,74597.43
4895,74597.43
4796,74597.43
4795,74597.43
4997,74597.43
4996,74597.43
4897,74594.72
4898,74592.234
4797,74587.72
4998,74584.14
4798,74542.47
5202,74503.14
534,74423.46
3709,74421.3
7020,74403.305
6613,74370.48
980,74341.93
6610,74321.94
4995,74198.5
4774,74175.586
635,74132.836
9814,74121.945
6006,74121.26
880,74105.76
5919,74047.14
5814,74023.17
684,73967.84
979,73838.234
6712,73732.68
1535,73636.35
780,73615.2
5012,73556.65
232,73529.16
4894,73524.37
3345,73403.5
4214,73385.36
4374,73334.15
5837,73287.414
6616,73184.16
5990,73182.34
1176,73173.03
5713,73160.02
436,73025.914
2257,72941.266
1078,72869.54
93,72861.66
5618,72800.18
1378,72796.125
5914,72723.39
131,72710.31
5619,72659.97
5909,72618.65
6432,72571.83
6731,72551.53
3711,72448.29
5938,72391.336
2160,72368.79
4016,72302.2
238,72223.89
3026,72132.38
2803,72083.91
140,72029.44
408,71952.54
2860,71942.234
4811,71935.99
1381,71835.71
3904,71815.89
533,71804.88
5095,71770.64
496,71755.305
5822,71735.055
497,71701.81
679,71685.59
5839,71600.125
1177,71583.18
3311,71576.32
1379,71423.72
1380,71171.76
164,71030.2
3044,70880.97
1480,70853.42
5194,70586.63
5515,70504.4
132,70479.49
6427,70449.875
39,70391.55
2370,70351.45
2470,70351.45
2471,70351.45
2270,70351.45
210,70283.24
377,70281.086
1362,70245.9
2431,70235.35
2432,70235.35
2232,70235.35
2331,70235.35
2332,70235.35
4115,70183.19
6020,70179.38
6711,70082.52
798,70067.51
3509,70043.5
2570,69969.266
4994,69850.266
3916,69842.47
3910,69666.77
5820,69639.14
5284,69628.195
5815,69563.484
3714,69515.914
5720,69472.12
40,69457.31
1084,69385.42
3142,69346.586
6091,69339.6
1711,69323.734
5617,69258.22
3511,69208.37
5821,69088.664
4111,68864.59
1612,68739.55
433,68736.84
794,68706.32
879,68584.3
2376,68550.234
5905,68377.125
734,68345.15
830,68265.99
2367,68235.61
928,68097.836
231,68097.66
6713,68085.77
825,68080.82
426,68078.0
427,68078.0
530,68078.0
229,68078.0
529,68078.0
329,68078.0
429,68078.0
328,68078.0
425,68078.0
230,68078.0
528,68078.0
327,68078.0
428,68078.0
228,68078.0
330,68078.0
430,68078.0
31,68078.0
129,68078.0
629,68078.0
130,68078.0
527,68077.93
431,68077.516
531,68076.96
435,68076.414
628,68076.22
630,68074.78
331,68073.78
526,68071.87
826,68069.72
335,68069.41
631,68069.164
525,68065.44
336,68064.55
729,68063.35
627,68062.56
332,68062.32
827,68061.305
235,68061.0
234,68056.555
632,68056.27
334,68055.38
434,68054.62
725,68053.67
728,68053.664
732,68053.18
726,68053.11
524,68052.56
731,68052.44
730,68052.41
233,68052.336
828,68052.24
824,68051.164
633,68051.125
721,68050.555
724,68050.555
833,68050.555
930,68050.555
932,68050.555
625,68050.555
623,68050.555
723,68050.555
829,68050.555
821,68050.555
727,68050.555
624,68050.555
822,68050.555
626,68050.555
823,68050.555
733,68050.555
532,68050.555
333,68050.555
622,68050.555
722,68050.555
832,68050.555
921,68050.555
922,68050.555
923,68011.945
820,68001.62
404,67975.516
326,67959.695
128,67910.26
927,67870.36
5719,67827.28
4911,67779.98
925,67714.79
926,67698.89
924,67656.945
30,67584.75
5102,67580.266
929,67539.78
227,67416.04
4704,67410.82
2269,67380.41
920,67361.09
286,67317.32
6814,67308.91
403,67289.53
2670,67238.09
5818,67202.74
236,67145.43
6034,67084.55
6429,67076.03
3510,66982.21
523,66909.38
2322,66852.37
978,66779.78
6631,66642.1
894,66587.484
6323,66575.36
5716,66511.31
5718,66456.375
6314,66363.96
135,66291.02
6730,66223.2
1185,66194.875
3710,66169.125
2361,66073.0
81,65974.45
778,65921.766
3307,65738.875
237,65735.57
424,65643.57
1463,65612.14
5612,65601.3
3814,65592.37
1230,65580.11
136,65538.16
36,65535.656
35,65535.656
37,65535.656
38,65535.656
139,65535.656
138,65534.023
720,65531.02
137,65523.62
5094,65510.49
3245,65445.73
5616,65436.22
5717,65408.785
5293,65356.273
1077,65287.03
5819,65245.906
29,65193.883
2369,65071.355
2324,65037.324
133,64948.195
5015,64934.344
877,64671.664
5620,64657.266
3444,64630.184
779,64531.16
878,64531.16
977,64531.16
1032,64383.9
9410,64359.8
2672,64238.05
5093,64158.863
5092,64158.863
5193,64158.863
5192,64158.863
4993,64158.863
2022,64132.137
5838,64064.895
3609,64030.824
3143,63981.426
3344,63981.426
3342,63981.426
3242,63981.426
3343,63981.426
3443,63981.426
3244,63981.426
3243,63981.426
3442,63981.426
3144,63981.426
6531,63898.066
680,63862.734
784,63818.805
2569,63788.56
1716,63712.984
621,63704.953
2120,63559.43
713,63551.99
6291,63542.484
1212,63534.58
1908,63372.09
485,63340.273
432,63299.504
5721,63251.5
405,63158.625
134,63137.816
1506,63062.97
1799,63017.605
325,62982.082
1633,62925.766
2572,62872.633
9917,62867.72
127,62847.047
2323,62771.1
6121,62656.32
5991,62532.92
2469,62509.06
6028,62484.15
2298,62482.715
1191,62429.574
6813,62368.703
3610,62363.004
3611,62351.848
498,62254.56
6530,62220.777
3815,62220.637
5925,62217.402
5714,62018.3
3911,61834.664
3915,61824.402
522,61796.973
1031,61783.535
1907,61773.41
6630,61771.652
1536,61758.848
4113,61554.957
9910,61458.38
1611,61445.895
4114,61425.855
4015,61425.855
4014,61425.367
4112,61417.848
4011,61371.496
3713,61357.203
3914,61282.027
4473,61221.297
3810,61124.14
226,61117.305
4013,61007.67
4012,60925.863
2671,60540.363
2221,60536.766
161,60495.35
2467,60442.613
2500,60365.79
3612,60334.6
1435,60316.375
5831,60237.246
1334,60230.508
6702,60172.234
6325,60152.105
423,60132.51
1411,60116.83
6428,59955.863
3912,59794.332
535,59755.9
9602,59746.58
324,59739.812
181,59723.74
2268,59705.72
225,59697.426
323,59679.234
819,59578.973
422,59554.77
5934,59516.246
3312,59483.367
28,59318.434
5414,59255.598
2499,59253.68
5710,59147.734
5212,59095.2
1934,59024.047
2674,59022.656
500,58854.113
499,58845.473
600,58820.707
599,58798.996
598,58794.805
799,58794.805
698,58794.805
699,58794.805
700,58771.71
800,58745.723
1709,58474.26
2061,58407.855
1507,58293.918
224,58213.695
1613,58110.02
3005,58038.31
126,57988.367
6716,57895.508
9705,57858.3
262,57804.707
1610,57760.92
2468,57669.77
2368,57669.77
1133,57617.242
4503,57508.902
409,57478.938
9504,57376.96
2122,57337.297
3613,57315.12
9905,57102.242
3812,57077.504
294,57063.6
6431,57022.63
919,57001.35
4302,56995.195
1311,56894.957
389,56842.098
1511,56840.566
3913,56711.32
9805,56702.43
363,56694.438
9904,56651.234
5906,56618.68
9804,56525.957
9702,56508.24
9803,56508.24
9903,56506.8
9802,56502.32
1825,56490.484
3705,56472.703
9902,56349.867
483,56316.426
1835,56307.42
6326,56270.125
10,56177.723
2477,56124.66
395,56024.285
110,55906.465
9407,55862.062
63,55828.895
6090,55785.367
6290,55727.95
6714,55579.902
9901,55478.04
2231,55359.69
9604,55359.676
5439,55226.48
695,55207.38
1564,55077.32
9704,55028.543
223,55010.625
6328,54983.664
9715,54933.09
6089,54851.637
6007,54774.62
1333,54758.535
620,54703.508
9603,54696.67
2204,54657.812
797,54602.574
1918,54499.824
521,54432.13
3813,54318.992
263,54153.695
61,54153.695
62,54153.695
162,54153.695
163,54153.695
125,54138.562
1899,53996.375
9703,53972.816
1718,53867.953
4202,53799.508
2007,53737.867
1660,53698.37
5715,53568.043
5413,53471.547
5514,53471.543
5512,53412.8
5513,53390.938
9716,53368.01
3508,53352.133
984,53320.523
27,53278.19
5613,53058.285
2661,52966.2
402,52960.44
6008,52936.195
9801,52934.43
5615,52922.426
5614,52850.797
6715,52822.81
1462,52656.773
2105,52605.504
612,52589.3
5412,52502.16
1394,52450.367
1361,52396.812
6430,52390.977
6617,52221.01
884,52195.484
6611,52191.035
9409,52157.504
1293,52018.7
1560,51985.85
5011,51976.39
597,51929.406
1008,51928.85
5511,51820.633
2429,51811.74
3206,51732.027
5806,51684.746
5809,51670.99
1735,51551.55
322,51542.973
4806,51448.71
193,51439.65
6128,51284.92
5010,51238.062
9408,51230.324
5908,51173.6
5708,51173.234
5709,51173.05
192,51098.344
293,51098.344
92,51098.344
6330,51083.21
191,51076.19
1727,51040.66
292,51013.336
384,50982.656
2577,50965.996
5807,50879.703
394,50639.938
2020,50587.363
6027,50547.184
188,50544.656
393,50516.906
5907,50402.664
5610,50202.254
1518,50153.28
1819,50153.28
1919,50153.28
1616,50153.28
1619,50153.28
1817,50153.28
1818,50153.28
1719,50153.28
6228,50151.777
582,50139.477
1617,50115.316
1618,50060.59
6502,50001.5
1517,49990.24
26,49966.582
25,49966.582
9701,49926.047
281,49899.984
5808,49861.28
124,49739.812
1614,49674.805
6233,49664.188
24,49538.242
1418,49323.082
5609,48960.438
5411,48813.99
6331,48801.43
1808,48748.45
1211,48695.363
9605,48458.26
697,48438.0
5313,48426.496
5930,48252.223
6329,48201.125
1717,48161.562
5707,48074.7
1515,48071.984
3606,47985.75
6229,47924.273
421,47895.914
2033,47870.617
2461,47804.984
91,47715.438
1519,47679.19
1514,47677.246
495,47602.12
719,47389.723
6127,47348.652
6129,47254.645
6327,47232.9
2132,47095.71
1516,47030.574
2198,47027.45
2062,46969.887
6230,46948.184
1290,46885.523
6324,46869.71
6227,46852.98
5921,46726.46
2561,46702.02
494,46655.258
1415,46564.76
2474,46431.453
5924,46424.254
5923,46424.254
6226,46402.297
2557,46249.26
1205,46209.438
2456,46174.832
1029,46162.01
1233,46111.984
6133,46111.027
6026,46005.305
2660,45986.05
5922,45977.785
1419,45970.035
5312,45966.4
5805,45729.508
1305,45658.96
1314,45658.96
1309,45658.96
1413,45658.96
1410,45658.96
1409,45658.96
1408,45658.96
1214,45658.96
1312,45658.96
1213,45658.96
1313,45658.96
1405,45658.96
1315,45658.96
1209,45658.96
1412,45658.96
1510,45658.96
1602,45658.96
1603,45658.96
1509,45658.96
1113,45658.96
1512,45658.96
1505,45658.96
1513,45658.96
1502,45658.96
1508,45658.96
1708,45658.96
1609,45658.96
1608,45658.96
1604,45658.96
1414,45637.926
1707,45614.27
1112,45592.668
1304,45586.51
1706,45556.336
6033,45503.3
9405,45461.89
2260,45412.26
1704,45357.367
1806,45347.35
90,45314.145
89,45314.145
88,45314.145
5804,45255.61
1021,45192.977
596,45112.54
1111,45067.98
3811,45045.5
1605,45014.23
1030,45000.84
1702,44960.156
1110,44951.473
1601,44891.582
1210,44886.793
2760,44872.133
2426,44853.6
2064,44818.617
2330,44737.48
4474,44616.633
1404,44579.332
5510,44363.22
1114,44355.156
1109,44337.227
1402,44221.445
1288,44169.273
1705,44163.8
1504,44107.13
1607,44035.69
1215,44005.402
187,43972.992
4676,43972.375
9916,43958.42
87,43951.055
1920,43905.523
595,43853.89
1620,43579.86
1820,43544.79
1703,43536.402
1802,43511.81
1563,43511.297
1665,43496.156
818,43494.547
2558,43361.957
1012,43357.18
1960,43326.496
2023,43310.098
1805,43142.29
1963,43140.492
1964,43140.492
1762,43140.492
1763,43140.492
1962,43140.492
1965,43140.492
1961,43140.492
1764,43140.492
1862,43140.492
1863,43140.492
1861,43140.492
1664,43140.492
1663,43140.492
1662,43140.492
1864,43140.492
2063,43140.492
1865,43136.582
1765,43135.453
1803,43134.97
1761,43134.83
1022,43126.85
1562,43123.902
4003,43088.348
1661,43066.273
1860,43023.723
1461,42970.914
1760,42970.875
1561,42949.72
2628,42925.543
6126,42885.02
1807,42867.844
520,42811.305
1204,42780.105
1606,42746.504
1013,42672.016
2159,42669.234
1501,42566.465
1296,42527.4
2503,42515.29
311,42488.12
1303,42474.996
5002,42359.83
1720,42315.395
718,42177.113
519,42151.945
518,42151.945
419,42151.945
619,42151.945
618,42151.945
420,42151.945
9505,42134.848
6029,42103.332
4674,42038.926
1904,41996.867
1804,41947.906
2360,41918.727
2559,41889.31
2357,41889.31
2560,41889.31
2259,41889.31
2258,41889.31
2358,41889.31
2460,41889.31
2457,41889.31
2458,41889.31
2359,41889.31
2459,41889.31
2158,41854.523
517,41746.7
893,41664.598
1011,41641.035
1903,41607.93
918,41571.71
321,41555.645
6801,41547.215
1725,41526.94
410,41513.246
2004,41483.926
289,41465.94
1503,41424.867
6025,41381.023
2005,41289.96
1308,41275.51
1115,41003.047
1010,41001.09
418,40816.965
617,40813.613
6332,40811.027
1406,40787.094
5603,40786.383
1905,40740.12
6024,40691.605
5009,40616.734
1014,40591.18
1028,40541.043
9406,40518.492
2223,40507.582
5832,40408.445
2673,40406.18
1906,40339.48
1116,40274.785
694,40269.07
1015,40259.88
1417,40250.895
1701,40142.273
6231,40112.645
2573,40027.33
1216,40022.59
1020,39911.68
1520,39858.35
2476,39844.21
9816,39819.39
123,39813.188
914,39775.492
2224,39771.902
1009,39743.63
2123,39684.29
2576,39597.605
915,39554.1
907,39549.645
1092,39504.9
5933,39501.484
1998,39411.598
1104,39351.59
2575,39294.7
2574,39294.7
2475,39294.7
2222,39160.934
2527,39094.098
5503,39030.95
6122,38977.234
908,38923.28
1403,38911.6
1108,38905.26
6130,38842.902
5833,38832.402
5931,38832.402
5932,38832.402
6032,38832.402
6031,38832.234
6132,38830.098
6131,38829.543
6232,38829.44
6030,38827.49
2104,38666.875
1004,38537.734
190,38527.875
5703,38475.688
189,38392.613
1203,38392.344
386,38378.72
6023,38340.285
1622,38307.043
392,38245.582
2326,38208.66
2226,38208.66
2325,38208.66
2225,38208.66
9510,38198.582
2227,38191.44
285,38154.176
906,38134.668
717,38106.914
222,38081.08
808,38042.4
320,37936.516
1728,37780.223
1401,37777.258
401,37741.59
291,37646.65
1407,37644.36
1202,37621.51
2021,37594.57
9815,37569.785
1102,37529.28
1117,37519.43
1521,37508.23
801,37504.234
807,37454.605
585,37451.074
411,37401.96
904,37386.816
6223,37377.71
702,37357.465
1319,37342.64
1316,37341.277
905,37320.562
2127,37299.88
1721,37282.152
1421,37233.293
1103,37200.176
1018,37199.867
806,37195.438
607,37193.766
1302,37188.25
1101,37156.543
1927,37152.656
1926,37152.656
1827,37152.656
1928,37152.656
2027,37152.656
1829,37152.656
1828,37152.656
2028,37152.656
1729,37152.656
2128,37152.656
817,37104.504
9909,37083.047
1621,37069.453
903,37065.24
707,37028.598
803,37021.7
512,37018.58
804,37017.855
2006,37007.523
502,36997.5
606,36997.5
703,36997.5
704,36997.5
705,36997.5
501,36997.5
706,36997.5
506,36997.5
503,36997.5
504,36997.5
505,36997.5
805,36997.5
605,36997.5
604,36997.5
603,36997.5
601,36997.5
1001,36997.5
701,36997.5
1201,36997.5
602,36997.5
902,36997.5
1301,36997.5
901,36997.5
1929,36978.066
2025,36925.125
1320,36862.94
1220,36859.79
186,36841.53
1321,36829.42
912,36825.48
913,36822.074
802,36809.05
507,36791.54
1120,36780.832
1119,36775.902
1019,36775.902
1002,36722.09
1186,36679.418
2125,36672.957
1219,36524.785
2228,36487.07
1221,36360.227
1105,36323.44
1730,36315.523
1921,36315.477
708,36269.254
1023,36251.465
2327,36142.742
3105,36135.066
4907,36106.887
1533,36091.516
1003,36089.273
1826,36074.55
417,36007.207
2029,35978.844
608,35944.8
1208,35897.71
6189,35854.984
513,35839.336
613,35776.562
508,35742.14
510,35662.19
609,35662.19
610,35662.19
509,35662.19
709,35637.61
611,35626.69
511,35598.78
313,35567.848
1830,35560.84
715,35560.562
2124,35514.227
813,35507.164
6225,35481.473
710,35477.902
412,35417.426
413,35417.426
414,35416.434
1821,35397.117
514,35374.047
809,35353.56
9608,35309.242
711,35307.875
910,35301.46
714,35298.59
312,35290.992
911,35289.45
811,35277.438
810,35277.438
909,35277.438
812,35277.438
1017,35249.375
917,35201.586
614,35107.312
319,35103.918
916,35094.598
515,35087.355
816,35074.387
716,35046.367
1420,35038.125
615,35032.67
9908,35005.516
5311,34893.785
1016,34883.227
1217,34831.113
1922,34779.03
415,34647.434
1925,34636.17
616,34606.402
23,34524.625
493,34475.496
2427,34462.453
6022,34460.56
516,34449.863
6123,34383.516
6124,34383.516
6125,34383.516
6224,34383.516
6021,34382.85
4775,34299.414
1416,34286.3
1306,34262.383
2126,34166.03
6191,34143.375
1318,34130.766
2129,33939.15
5706,33902.04
796,33893.97
3804,33876.945
1317,33863.27
315,33837.26
6190,33804.06
416,33691.023
2802,33587.414
221,33559.47
211,33486.574
381,33408.75
1722,33408.3
1121,33393.63
1629,33382.395
1218,33378.78
318,33148.42
388,33136.637
314,33114.066
111,32752.318
1522,32707.18
2026,32659.615
316,32548.018
1130,32531.395
1726,32520.861
1822,32509.129
2229,32491.643
22,32448.545
122,32444.965
21,32434.818
20,32424.479
19,32423.482
121,32421.76
18,32421.17
17,32421.146
317,32421.104
118,32421.104
117,32421.104
119,32421.104
216,32421.104
217,32421.104
218,32421.104
219,32421.104
220,32421.104
120,32421.104
287,32413.152
1027,32393.893
1118,32303.635
5403,32151.617
9906,32124.217
1731,32109.246
1930,31971.85
116,31961.402
2003,31939.156
86,31754.867
1006,31656.188
594,31593.674
1422,31575.246
5608,31553.975
6602,31311.566
3407,31236.62
1831,31216.836
215,31172.879
4573,30942.06
288,30886.916
9506,30848.96
5001,30752.002
2328,30582.824
1187,30535.604
1630,30521.898
2702,30476.121
2428,30364.31
2528,30348.98
383,30312.846
1189,30289.77
1329,30283.48
4805,30244.604
2400,30198.387
2399,30198.387
2299,30198.387
2098,30198.387
1005,30135.23
685,30128.332
2024,30122.309
1289,30097.941
1085,30071.697
2199,30063.576
5103,30001.168
1228,29950.385
2329,29913.123
1089,29909.992
1086,29894.37
886,29893.113
889,29893.113
986,29893.113
987,29893.113
989,29893.113
1088,29893.113
1087,29893.113
490,29893.113
489,29893.113
488,29893.113
487,29893.113
486,29893.113
885,29893.113
988,29893.113
686,29893.113
786,29893.113
687,29893.113
688,29893.113
590,29893.113
589,29893.113
588,29893.113
587,29893.113
586,29893.113
689,29893.113
690,29893.113
785,29893.113
1188,29893.113
789,29893.113
491,29891.494
790,29882.207
1310,29859.326
788,29847.717
387,29844.467
787,29828.914
985,29799.398
696,29790.123
1626,29675.092
11,29643.678
9809,29610.518
888,29567.46
390,29564.12
887,29550.021
890,29436.475
591,29403.783
1132,29393.553
1322,29258.932
1523,29246.201
1723,29246.201
1525,29246.201
1524,29246.201
1526,29246.201
1625,29246.201
1623,29246.201
1624,29246.201
1527,29238.068
1528,29175.873
1529,29159.162
1530,29159.162
1328,29158.926
391,29152.975
1427,29149.803
1428,29074.797
1327,29013.064
814,28982.51
1425,28972.863
2099,28958.326
1424,28888.88
1430,28885.824
290,28885.281
1423,28881.256
1426,28852.0
1429,28845.74
1924,28824.494
1227,28682.44
1127,28633.49
2300,28615.889
990,28613.293
1026,28599.732
1323,28599.732
1025,28599.732
1324,28590.496
1222,28567.465
1325,28556.21
1126,28554.338
1125,28530.527
1326,28522.111
1223,28517.805
9806,28517.162
1224,28513.307
1124,28513.018
1226,28512.695
1225,28512.695
1331,28512.695
1330,28512.695
1122,28512.695
1123,28512.695
1231,28512.695
1232,28512.695
9808,28505.293
1431,28483.799
1332,28395.4
1229,28297.87
6401,28230.062
492,28217.95
1824,28132.045
1628,28129.703
82,28057.115
1823,28027.82
3504,28010.387
1724,27996.727
1634,27989.996
1531,27902.629
9713,27804.93
581,27784.143
5604,27731.451
1923,27666.455
1999,27646.37
1902,27645.197
1090,27641.27
9712,27626.799
2230,27594.773
691,27528.072
1128,27446.078
83,27362.049
84,27362.049
284,27362.049
185,27362.049
184,27362.049
183,27362.049
283,27362.049
382,27362.049
282,27362.049
85,27362.049
482,27362.049
481,27360.59
2030,27356.889
182,27269.2
1832,27198.71
1190,27168.562
5303,27153.555
1933,27100.29
16,26981.52
1801,26914.285
1631,26880.842
1432,26876.156
2131,26873.893
212,26864.465
1932,26846.102
1931,26846.102
2032,26846.102
2031,26846.102
1833,26786.812
1732,26766.928
1433,26754.95
1834,26754.95
1734,26754.95
1733,26754.95
1635,26754.95
1632,26754.95
1532,26754.95
2130,26706.664
995,26627.94
791,26574.816
5003,26468.643
592,26034.832
6501,25614.197
6601,25614.197
6701,25614.197
9811,25523.262
891,25359.373
9509,25234.46
213,25173.74
4603,25124.605
1007,25110.361
9512,25085.848
593,25084.994
892,24956.754
692,24956.754
991,24956.754
1091,24956.754
792,24956.754
693,24956.754
9714,24930.957
115,24853.623
5203,24648.94
2403,24603.064
992,24471.691
793,24364.049
3104,24354.574
1193,24206.416
9706,23799.562
2103,23594.098
9609,23407.498
1106,23282.992
214,23109.936
2200,23101.701
4804,23096.414
4903,23095.62
9936,22985.852
5509,22938.748
2203,22864.14
114,22780.674
3205,22710.201
5110,22518.117
815,22453.29
9508,22448.1
15,22429.4
5607,22352.205
2002,22298.332
4102,22291.156
2001,22177.035
4402,22162.975
2502,22129.05
2602,22129.05
2601,22129.05
1901,22129.05
2501,22129.05
2402,22129.05
2401,22129.05
2303,22129.05
2102,22129.05
2302,22029.21
2201,22005.48
2902,21958.02
2301,21948.133
9606,21896.19
9610,21875.32
12,21867.787
993,21863.0
2101,21773.207
9607,21674.191
1195,21571.145
1295,21571.145
1093,21571.145
1095,21571.145
1294,21571.145
1194,21569.479
994,21566.377
1094,21562.732
9511,21557.062
2202,21552.945
14,21478.098
1129,21446.426
9507,21348.596
4902,21333.652
2100,21290.549
9708,21264.438
2701,21201.549
2000,21181.865
4703,21181.57
9709,21116.062
9707,21031.953
9807,20917.686
9611,20913.602
9710,20895.463
9810,20892.598
9907,20892.598
9711,20892.598
9612,20892.598
3306,20736.078
1900,20565.068
9613,20543.475
4803,20322.648
4574,20235.72
4575,19998.857
1206,19986.584
1800,19961.756
3204,19887.643
4675,19883.168
3507,19725.117
5104,19610.705
2903,19529.395
3604,19395.098
5205,19298.912
5105,18967.33
5004,18845.33
3704,18841.582
3903,18691.287
4002,18655.023
4101,18634.781
3801,18634.781
4001,18634.781
3605,18634.781
3502,18634.781
3503,18634.781
3902,18634.781
3602,18634.781
3603,18634.781
3601,18634.781
3701,18634.781
3702,18634.781
3703,18634.781
3802,18634.781
3803,18634.781
3901,18634.781
3402,18621.123
3301,18601.303
3401,18563.484
3403,18550.957
3505,18528.572
3302,18527.215
3404,18518.535
3506,18516.693
3201,18515.062
3002,18514.871
3003,18514.871
3305,18514.871
3103,18514.871
3102,18514.871
3304,18514.871
3303,18514.871
3004,18514.871
3202,18514.871
3101,18514.871
3405,18514.871
3406,18514.871
3203,18514.871
5504,18491.293
3001,18477.018
3501,18398.25
4801,18242.291
5705,17937.588
4802,17930.148
4901,17930.148
4701,17839.53
4904,17378.506
5704,17276.227
5605,17274.975
5606,17273.713
5506,17271.064
5505,17271.064
5507,17271.064
5406,17271.064
5405,17271.064
5404,17271.064
5307,17271.064
5305,17271.064
5304,17271.064
5005,17271.064
5106,17271.064
5204,17210.021
5207,17170.535
5306,17007.18
5206,16790.395
5107,16559.523
5407,16425.979
5408,16344.288
4201,16164.066
5208,16142.195
5008,16074.991
5006,15685.72
1307,15616.036
5508,15552.79
5109,15331.959
4702,15119.271
4905,14959.11
5108,14949.008
4601,14927.958
5410,14893.095
5308,14833.211
5409,13975.445
5309,13695.657
13,13538.531
4301,13472.401
4502,13407.475
4602,13407.475
4401,13407.475
5209,13383.222
113,13242.853
4501,13205.957
5007,13068.425
1534,13067.918
1107,12964.484
4906,12759.607
5210,12748.392
5310,12720.363
2901,11664.61
5338,7233.5615
1207,5362.0537
112,3479.2422
5238,3040.9246
2801,2704.1274
5339,691.2068
5239,213.62653
